<?xml version="1.0"?>
<movie output="C:\Users\Wyatt Roehler\Documents\Visual Studio 2015\Projects\step7\RotoScope\colbert3.asf" source="C:\Users\Wyatt Roehler\Documents\Visual Studio 2015\Projects\step7\RotoScope\colbert_1sec.wmv"><frame num="0"><point x="1196" y="267"/></frame><frame num="1"><point x="340" y="382"/></frame><frame num="2"><point x="337" y="380"/></frame><frame num="3"><point x="343" y="385"/></frame><frame num="4"><point x="346" y="386"/></frame><frame num="5"><point x="351" y="387"/></frame><frame num="6"><point x="356" y="389"/></frame><frame num="7"><point x="357" y="388"/></frame><frame num="8"><point x="362" y="389"/></frame><frame num="9"><point x="363" y="389"/></frame><frame num="10"><point x="369" y="387"/></frame><frame num="11"><point x="374" y="387"/></frame><frame num="12"><point x="373" y="384"/></frame><frame num="13"><point x="375" y="383"/></frame><frame num="14"><point x="374" y="380"/></frame><frame num="15"><point x="373" y="380"/></frame><frame num="16"><point x="374" y="375"/></frame><frame num="17"><point x="372" y="375"/></frame><frame num="18"><point x="372" y="374"/></frame><frame num="19"><point x="371" y="370"/></frame><frame num="20"><point x="370" y="369"/></frame><frame num="21"><point x="367" y="367"/></frame><frame num="22"><point x="368" y="369"/></frame><frame num="23"><point x="365" y="370"/></frame><frame num="24"><point x="365" y="370"/></frame><frame num="25"><point x="366" y="372"/></frame><frame num="26"><point x="368" y="371"/></frame><frame num="27"><point x="367" y="371"/></frame><frame num="28"><point x="367" y="372"/></frame><frame num="29"><point x="371" y="372"/></frame></movie>
