<?xml version="1.0"?>
<movie><frame num="0"><point x="536" y="337"/><point x="536" y="337"/><point x="208" y="416"/><point x="207" y="415"/><point x="207" y="414"/><point x="207" y="413"/><point x="206" y="413"/><point x="206" y="412"/><point x="205" y="412"/><point x="205" y="411"/><point x="204" y="410"/><point x="204" y="409"/><point x="203" y="408"/><point x="202" y="406"/><point x="201" y="404"/><point x="201" y="403"/><point x="200" y="403"/><point x="200" y="401"/><point x="199" y="400"/><point x="198" y="397"/><point x="197" y="395"/><point x="197" y="394"/><point x="196" y="392"/><point x="195" y="390"/><point x="195" y="389"/><point x="193" y="385"/><point x="193" y="383"/><point x="192" y="380"/><point x="191" y="376"/><point x="190" y="373"/><point x="189" y="371"/><point x="189" y="368"/><point x="189" y="365"/><point x="188" y="363"/><point x="188" y="359"/><point x="188" y="356"/><point x="187" y="350"/><point x="187" y="346"/><point x="187" y="342"/><point x="187" y="339"/><point x="187" y="334"/><point x="187" y="331"/><point x="187" y="327"/><point x="187" y="323"/><point x="188" y="318"/><point x="189" y="314"/><point x="191" y="310"/><point x="192" y="305"/><point x="194" y="300"/><point x="196" y="296"/><point x="198" y="291"/><point x="199" y="286"/><point x="201" y="282"/><point x="203" y="276"/><point x="205" y="271"/><point x="207" y="265"/><point x="208" y="260"/><point x="210" y="253"/><point x="212" y="248"/><point x="213" y="243"/><point x="215" y="237"/><point x="217" y="233"/><point x="218" y="228"/><point x="220" y="223"/><point x="222" y="218"/><point x="224" y="213"/><point x="225" y="209"/><point x="227" y="205"/><point x="229" y="201"/><point x="232" y="194"/><point x="234" y="191"/><point x="236" y="189"/><point x="238" y="186"/><point x="239" y="184"/><point x="241" y="182"/><point x="245" y="178"/><point x="246" y="177"/><point x="248" y="175"/><point x="250" y="174"/><point x="252" y="173"/><point x="253" y="172"/><point x="255" y="170"/><point x="259" y="169"/><point x="261" y="168"/><point x="264" y="167"/><point x="266" y="167"/><point x="268" y="166"/><point x="270" y="165"/><point x="272" y="165"/><point x="274" y="165"/><point x="279" y="164"/><point x="281" y="164"/><point x="284" y="164"/><point x="286" y="163"/><point x="288" y="163"/><point x="294" y="163"/><point x="298" y="163"/><point x="301" y="163"/><point x="304" y="163"/><point x="306" y="163"/><point x="309" y="163"/><point x="311" y="163"/><point x="313" y="164"/><point x="316" y="164"/><point x="318" y="165"/><point x="321" y="165"/><point x="323" y="166"/><point x="325" y="167"/><point x="330" y="168"/><point x="332" y="169"/><point x="335" y="170"/><point x="337" y="171"/><point x="339" y="172"/><point x="341" y="173"/><point x="343" y="174"/><point x="345" y="175"/><point x="347" y="176"/><point x="349" y="177"/><point x="353" y="180"/><point x="355" y="181"/><point x="357" y="182"/><point x="358" y="183"/><point x="360" y="184"/><point x="362" y="185"/><point x="363" y="186"/><point x="367" y="188"/><point x="368" y="189"/><point x="369" y="190"/><point x="371" y="191"/><point x="372" y="192"/><point x="373" y="193"/><point x="376" y="195"/><point x="376" y="196"/><point x="378" y="197"/><point x="379" y="198"/><point x="380" y="200"/><point x="381" y="201"/><point x="382" y="202"/><point x="384" y="204"/><point x="384" y="205"/><point x="385" y="206"/><point x="386" y="207"/><point x="387" y="208"/><point x="387" y="209"/><point x="389" y="212"/><point x="390" y="213"/><point x="390" y="215"/><point x="391" y="216"/><point x="392" y="217"/><point x="392" y="219"/><point x="393" y="222"/><point x="394" y="223"/><point x="394" y="225"/><point x="395" y="228"/><point x="395" y="230"/><point x="395" y="233"/><point x="395" y="237"/><point x="395" y="240"/><point x="395" y="242"/><point x="394" y="245"/><point x="393" y="248"/><point x="393" y="251"/><point x="391" y="255"/><point x="390" y="259"/><point x="388" y="263"/><point x="386" y="267"/><point x="384" y="270"/><point x="382" y="275"/><point x="377" y="283"/><point x="375" y="287"/><point x="372" y="291"/><point x="369" y="296"/><point x="367" y="299"/><point x="361" y="308"/><point x="359" y="312"/><point x="356" y="316"/><point x="354" y="319"/><point x="351" y="323"/><point x="349" y="327"/><point x="347" y="330"/><point x="342" y="336"/><point x="340" y="339"/><point x="339" y="342"/><point x="337" y="344"/><point x="335" y="347"/><point x="334" y="349"/><point x="330" y="353"/><point x="328" y="354"/><point x="326" y="356"/><point x="324" y="357"/><point x="321" y="360"/><point x="318" y="361"/><point x="316" y="362"/><point x="314" y="364"/><point x="311" y="365"/><point x="308" y="366"/><point x="306" y="367"/><point x="303" y="368"/><point x="297" y="369"/><point x="294" y="369"/><point x="291" y="370"/><point x="288" y="370"/><point x="285" y="371"/><point x="281" y="371"/><point x="278" y="371"/><point x="276" y="371"/><point x="272" y="371"/><point x="270" y="371"/><point x="267" y="370"/><point x="264" y="370"/><point x="261" y="369"/><point x="256" y="368"/><point x="253" y="367"/><point x="251" y="365"/><point x="248" y="364"/><point x="245" y="362"/><point x="243" y="361"/><point x="240" y="358"/><point x="237" y="356"/><point x="234" y="354"/><point x="229" y="349"/><point x="226" y="347"/><point x="223" y="344"/><point x="221" y="341"/><point x="218" y="338"/><point x="216" y="335"/><point x="213" y="332"/><point x="211" y="329"/><point x="208" y="325"/><point x="206" y="322"/><point x="204" y="318"/><point x="203" y="314"/><point x="201" y="311"/><point x="200" y="308"/><point x="198" y="300"/><point x="197" y="296"/><point x="196" y="292"/><point x="196" y="288"/><point x="196" y="284"/><point x="196" y="277"/><point x="196" y="273"/><point x="196" y="269"/><point x="197" y="264"/><point x="199" y="256"/><point x="201" y="252"/><point x="203" y="247"/><point x="205" y="244"/><point x="207" y="240"/><point x="209" y="236"/><point x="212" y="233"/><point x="217" y="227"/><point x="220" y="224"/><point x="224" y="221"/><point x="227" y="219"/><point x="234" y="215"/><point x="238" y="213"/><point x="242" y="211"/><point x="246" y="210"/><point x="249" y="209"/><point x="254" y="208"/><point x="258" y="208"/><point x="266" y="208"/><point x="271" y="207"/><point x="275" y="207"/><point x="279" y="207"/><point x="283" y="207"/><point x="287" y="207"/><point x="296" y="208"/><point x="300" y="208"/><point x="309" y="210"/><point x="315" y="211"/><point x="319" y="211"/><point x="324" y="213"/><point x="329" y="214"/><point x="334" y="215"/><point x="339" y="216"/><point x="349" y="218"/><point x="354" y="220"/><point x="365" y="222"/><point x="369" y="224"/><point x="374" y="225"/><point x="379" y="226"/><point x="383" y="228"/><point x="387" y="229"/><point x="392" y="231"/><point x="396" y="233"/><point x="400" y="234"/><point x="404" y="236"/><point x="408" y="238"/><point x="411" y="240"/><point x="414" y="242"/><point x="417" y="244"/><point x="420" y="245"/><point x="423" y="247"/><point x="424" y="249"/><point x="426" y="251"/><point x="428" y="252"/><point x="430" y="254"/><point x="431" y="255"/><point x="433" y="258"/><point x="433" y="259"/><point x="434" y="260"/><point x="434" y="261"/><point x="435" y="263"/><point x="436" y="264"/><point x="436" y="265"/><point x="436" y="266"/><point x="436" y="267"/><point x="436" y="268"/><point x="436" y="269"/><point x="436" y="270"/><point x="435" y="271"/><point x="434" y="272"/><point x="431" y="274"/><point x="430" y="274"/><point x="428" y="275"/><point x="426" y="276"/><point x="421" y="278"/><point x="418" y="279"/><point x="414" y="279"/><point x="408" y="281"/><point x="404" y="281"/><point x="400" y="281"/><point x="395" y="281"/><point x="390" y="282"/><point x="385" y="282"/><point x="381" y="282"/><point x="371" y="282"/><point x="366" y="282"/><point x="361" y="282"/><point x="355" y="282"/><point x="350" y="282"/><point x="345" y="282"/><point x="340" y="282"/><point x="335" y="281"/><point x="329" y="281"/><point x="324" y="280"/><point x="318" y="279"/><point x="314" y="279"/><point x="309" y="278"/><point x="303" y="277"/><point x="298" y="276"/><point x="294" y="275"/><point x="289" y="273"/><point x="284" y="272"/><point x="276" y="269"/><point x="272" y="267"/><point x="269" y="266"/><point x="266" y="264"/><point x="261" y="260"/><point x="259" y="259"/><point x="257" y="257"/><point x="256" y="256"/><point x="255" y="255"/><point x="254" y="253"/><point x="253" y="251"/><point x="253" y="250"/><point x="253" y="249"/><point x="253" y="248"/><point x="253" y="247"/><point x="253" y="246"/><point x="253" y="245"/><point x="255" y="243"/><point x="256" y="242"/><point x="257" y="242"/><point x="259" y="241"/><point x="264" y="239"/><point x="266" y="239"/><point x="269" y="238"/><point x="272" y="237"/><point x="279" y="236"/><point x="282" y="236"/><point x="286" y="235"/><point x="290" y="235"/><point x="294" y="235"/><point x="299" y="235"/><point x="304" y="235"/><point x="313" y="235"/><point x="317" y="235"/><point x="323" y="235"/><point x="327" y="236"/><point x="332" y="236"/><point x="337" y="237"/><point x="347" y="239"/><point x="351" y="239"/><point x="357" y="240"/><point x="361" y="241"/><point x="365" y="242"/><point x="374" y="244"/><point x="379" y="245"/><point x="383" y="247"/><point x="387" y="248"/><point x="391" y="249"/><point x="395" y="250"/><point x="399" y="251"/><point x="402" y="252"/><point x="405" y="253"/><point x="408" y="254"/><point x="413" y="257"/><point x="415" y="258"/><point x="417" y="259"/><point x="418" y="260"/><point x="419" y="261"/><point x="421" y="262"/><point x="422" y="263"/><point x="421" y="263"/><point x="420" y="263"/><point x="418" y="263"/><point x="414" y="263"/><point x="412" y="263"/><point x="410" y="263"/><point x="407" y="263"/><point x="404" y="263"/><point x="401" y="263"/><point x="398" y="262"/><point x="394" y="262"/><point x="391" y="261"/><point x="387" y="260"/><point x="383" y="260"/><point x="379" y="259"/><point x="376" y="258"/><point x="371" y="257"/><point x="368" y="256"/><point x="360" y="253"/><point x="357" y="251"/><point x="353" y="249"/><point x="350" y="247"/><point x="346" y="244"/><point x="341" y="240"/><point x="337" y="237"/><point x="335" y="235"/><point x="333" y="232"/><point x="331" y="229"/><point x="329" y="227"/><point x="328" y="224"/><point x="326" y="222"/><point x="325" y="219"/><point x="324" y="217"/><point x="324" y="215"/><point x="323" y="213"/><point x="323" y="211"/><point x="323" y="208"/><point x="323" y="207"/><point x="323" y="205"/><point x="323" y="203"/><point x="324" y="201"/><point x="326" y="198"/><point x="327" y="196"/><point x="329" y="195"/><point x="331" y="194"/><point x="335" y="191"/><point x="337" y="190"/><point x="340" y="189"/><point x="342" y="188"/><point x="345" y="187"/><point x="351" y="185"/><point x="355" y="185"/><point x="358" y="184"/><point x="363" y="184"/><point x="366" y="184"/><point x="374" y="183"/><point x="378" y="183"/><point x="383" y="183"/><point x="387" y="183"/><point x="391" y="183"/><point x="399" y="184"/><point x="404" y="185"/><point x="408" y="186"/><point x="412" y="187"/><point x="417" y="188"/><point x="421" y="189"/><point x="426" y="190"/><point x="430" y="191"/><point x="434" y="192"/><point x="441" y="194"/><point x="449" y="197"/><point x="452" y="198"/><point x="455" y="200"/><point x="458" y="201"/><point x="461" y="202"/><point x="464" y="203"/><point x="466" y="204"/><point x="468" y="206"/><point x="471" y="207"/><point x="472" y="208"/><point x="473" y="209"/><point x="474" y="209"/><point x="474" y="210"/><point x="473" y="210"/><point x="472" y="210"/><point x="470" y="210"/><point x="466" y="209"/><point x="464" y="209"/><point x="461" y="208"/><point x="459" y="207"/><point x="456" y="206"/><point x="453" y="204"/><point x="451" y="202"/><point x="447" y="200"/><point x="444" y="198"/><point x="441" y="196"/><point x="438" y="193"/><point x="435" y="190"/><point x="428" y="184"/><point x="425" y="181"/><point x="421" y="176"/><point x="418" y="173"/><point x="415" y="168"/><point x="409" y="159"/><point x="406" y="155"/><point x="404" y="151"/><point x="401" y="146"/><point x="398" y="142"/><point x="396" y="138"/><point x="394" y="133"/><point x="389" y="124"/><point x="388" y="120"/><point x="386" y="117"/><point x="385" y="113"/><point x="384" y="109"/><point x="382" y="102"/><point x="381" y="99"/><point x="381" y="96"/><point x="380" y="93"/><point x="380" y="90"/><point x="380" y="88"/><point x="380" y="86"/><point x="380" y="82"/><point x="380" y="81"/><point x="380" y="80"/><point x="380" y="79"/><point x="380" y="78"/><point x="380" y="77"/><point x="381" y="77"/><point x="382" y="77"/><point x="383" y="77"/><point x="384" y="77"/><point x="385" y="78"/><point x="386" y="78"/><point x="387" y="80"/><point x="388" y="81"/><point x="389" y="81"/><point x="390" y="83"/><point x="391" y="84"/><point x="392" y="85"/><point x="393" y="87"/><point x="394" y="88"/><point x="396" y="90"/><point x="396" y="92"/><point x="397" y="93"/><point x="397" y="94"/><point x="397" y="95"/><point x="398" y="96"/><point x="398" y="97"/><point x="398" y="98"/><point x="398" y="99"/><point x="398" y="101"/><point x="398" y="102"/><point x="398" y="103"/><point x="398" y="105"/><point x="398" y="106"/><point x="398" y="108"/><point x="397" y="110"/><point x="396" y="111"/><point x="395" y="114"/><point x="394" y="115"/><point x="392" y="117"/><point x="390" y="119"/><point x="388" y="121"/><point x="386" y="123"/><point x="384" y="125"/><point x="381" y="127"/><point x="378" y="129"/><point x="375" y="130"/><point x="369" y="134"/><point x="365" y="135"/><point x="361" y="136"/><point x="358" y="137"/><point x="354" y="138"/><point x="350" y="139"/><point x="346" y="140"/><point x="341" y="141"/><point x="338" y="142"/><point x="334" y="143"/><point x="329" y="143"/><point x="325" y="144"/><point x="321" y="144"/><point x="317" y="144"/><point x="313" y="145"/><point x="309" y="145"/><point x="305" y="146"/><point x="300" y="146"/><point x="297" y="146"/><point x="292" y="146"/><point x="288" y="147"/><point x="285" y="148"/><point x="281" y="148"/><point x="278" y="149"/><point x="274" y="149"/><point x="268" y="150"/><point x="265" y="151"/><point x="263" y="152"/><point x="261" y="152"/><point x="259" y="153"/><point x="257" y="153"/><point x="254" y="154"/><point x="254" y="155"/><point x="252" y="155"/><point x="251" y="157"/><point x="251" y="158"/><point x="251" y="159"/><point x="251" y="160"/><point x="251" y="161"/><point x="251" y="162"/><point x="251" y="164"/><point x="251" y="165"/><point x="251" y="166"/><point x="251" y="167"/><point x="251" y="168"/><point x="251" y="169"/><point x="251" y="170"/><point x="252" y="173"/><point x="252" y="174"/><point x="252" y="176"/><point x="252" y="177"/><point x="252" y="178"/><point x="252" y="181"/><point x="252" y="183"/><point x="253" y="184"/><point x="253" y="186"/><point x="253" y="188"/><point x="253" y="191"/><point x="253" y="193"/><point x="253" y="195"/><point x="253" y="196"/><point x="253" y="200"/><point x="254" y="202"/><point x="254" y="204"/><point x="254" y="206"/><point x="254" y="208"/><point x="255" y="211"/><point x="255" y="214"/><point x="255" y="216"/><point x="255" y="218"/><point x="255" y="220"/><point x="256" y="223"/><point x="256" y="225"/><point x="256" y="228"/><point x="256" y="231"/><point x="257" y="233"/><point x="257" y="236"/><point x="258" y="242"/><point x="258" y="245"/><point x="259" y="248"/><point x="259" y="251"/><point x="260" y="255"/><point x="261" y="262"/><point x="262" y="265"/><point x="262" y="269"/><point x="263" y="273"/><point x="264" y="276"/><point x="264" y="280"/><point x="265" y="284"/><point x="266" y="288"/><point x="266" y="292"/><point x="267" y="295"/><point x="268" y="302"/><point x="268" y="306"/><point x="268" y="309"/><point x="268" y="312"/><point x="269" y="318"/><point x="269" y="321"/><point x="269" y="324"/><point x="269" y="326"/><point x="269" y="329"/><point x="269" y="331"/><point x="268" y="333"/><point x="268" y="336"/><point x="266" y="340"/><point x="265" y="342"/><point x="264" y="343"/><point x="263" y="345"/><point x="260" y="349"/><point x="259" y="350"/><point x="257" y="351"/><point x="256" y="353"/><point x="254" y="354"/><point x="252" y="356"/><point x="250" y="357"/><point x="245" y="359"/><point x="243" y="360"/><point x="240" y="361"/><point x="234" y="362"/><point x="232" y="363"/><point x="229" y="364"/><point x="226" y="364"/><point x="223" y="364"/><point x="219" y="365"/><point x="213" y="365"/><point x="208" y="365"/><point x="201" y="365"/><point x="196" y="365"/><point x="192" y="364"/><point x="187" y="363"/><point x="183" y="363"/><point x="179" y="361"/><point x="173" y="360"/><point x="163" y="357"/><point x="159" y="356"/><point x="153" y="354"/><point x="149" y="352"/><point x="144" y="350"/><point x="139" y="347"/><point x="129" y="343"/><point x="125" y="340"/><point x="120" y="338"/><point x="116" y="335"/><point x="107" y="329"/><point x="103" y="327"/><point x="99" y="324"/><point x="96" y="321"/><point x="89" y="315"/><point x="86" y="313"/><point x="83" y="310"/><point x="80" y="307"/><point x="78" y="305"/><point x="75" y="302"/><point x="71" y="297"/><point x="68" y="295"/><point x="67" y="293"/><point x="65" y="290"/><point x="62" y="286"/><point x="60" y="284"/><point x="59" y="282"/><point x="57" y="278"/><point x="57" y="276"/><point x="56" y="274"/><point x="56" y="272"/><point x="55" y="270"/><point x="55" y="267"/><point x="54" y="266"/><point x="54" y="264"/><point x="54" y="262"/><point x="54" y="261"/><point x="54" y="258"/><point x="55" y="257"/><point x="56" y="255"/><point x="57" y="253"/><point x="58" y="252"/><point x="61" y="248"/><point x="63" y="246"/><point x="66" y="244"/><point x="68" y="242"/><point x="71" y="239"/><point x="74" y="237"/><point x="81" y="233"/><point x="85" y="230"/><point x="89" y="228"/><point x="92" y="226"/><point x="97" y="224"/><point x="101" y="222"/><point x="110" y="217"/><point x="114" y="216"/><point x="119" y="214"/><point x="124" y="212"/><point x="128" y="210"/><point x="133" y="208"/><point x="137" y="207"/><point x="142" y="205"/><point x="146" y="204"/><point x="150" y="202"/><point x="154" y="201"/><point x="158" y="199"/><point x="165" y="196"/><point x="168" y="195"/><point x="171" y="193"/><point x="174" y="192"/><point x="178" y="189"/><point x="180" y="187"/><point x="181" y="186"/><point x="182" y="185"/><point x="182" y="184"/><point x="183" y="181"/><point x="183" y="180"/><point x="183" y="179"/><point x="182" y="179"/><point x="181" y="178"/><point x="180" y="177"/><point x="179" y="176"/><point x="177" y="173"/><point x="176" y="172"/><point x="173" y="169"/><point x="171" y="168"/><point x="169" y="167"/><point x="165" y="164"/><point x="163" y="163"/><point x="160" y="162"/><point x="158" y="161"/><point x="155" y="159"/><point x="152" y="158"/><point x="146" y="156"/><point x="143" y="154"/><point x="140" y="153"/><point x="137" y="151"/><point x="134" y="150"/><point x="131" y="148"/><point x="128" y="146"/><point x="126" y="144"/><point x="123" y="142"/><point x="121" y="140"/><point x="119" y="138"/><point x="117" y="136"/><point x="116" y="133"/><point x="115" y="131"/><point x="113" y="127"/><point x="113" y="125"/><point x="112" y="124"/><point x="112" y="120"/><point x="112" y="118"/><point x="112" y="116"/><point x="113" y="115"/><point x="114" y="113"/><point x="115" y="111"/><point x="118" y="108"/><point x="121" y="107"/><point x="124" y="105"/><point x="127" y="103"/><point x="130" y="102"/><point x="134" y="100"/><point x="138" y="98"/><point x="143" y="97"/><point x="148" y="95"/><point x="154" y="93"/><point x="165" y="91"/><point x="171" y="89"/><point x="177" y="88"/><point x="184" y="87"/><point x="190" y="86"/><point x="204" y="85"/><point x="210" y="84"/><point x="218" y="84"/><point x="224" y="84"/><point x="238" y="84"/><point x="244" y="84"/><point x="252" y="84"/><point x="258" y="84"/><point x="266" y="84"/><point x="272" y="84"/><point x="285" y="85"/><point x="291" y="86"/><point x="297" y="87"/><point x="304" y="87"/><point x="311" y="89"/><point x="322" y="90"/><point x="327" y="91"/><point x="334" y="92"/><point x="340" y="93"/><point x="345" y="94"/><point x="349" y="95"/><point x="355" y="97"/><point x="363" y="99"/><point x="368" y="101"/><point x="372" y="102"/><point x="376" y="104"/><point x="380" y="106"/><point x="387" y="110"/><point x="390" y="112"/><point x="393" y="114"/><point x="396" y="116"/><point x="398" y="118"/><point x="401" y="121"/><point x="406" y="126"/><point x="408" y="128"/><point x="410" y="130"/><point x="412" y="133"/><point x="414" y="135"/><point x="415" y="139"/><point x="417" y="141"/><point x="419" y="144"/><point x="421" y="147"/><point x="422" y="150"/><point x="424" y="153"/><point x="427" y="160"/><point x="428" y="163"/><point x="429" y="166"/><point x="430" y="170"/><point x="431" y="173"/><point x="432" y="177"/><point x="433" y="185"/><point x="434" y="189"/><point x="434" y="193"/><point x="434" y="196"/><point x="434" y="201"/><point x="434" y="209"/><point x="434" y="212"/><point x="434" y="216"/><point x="434" y="220"/><point x="433" y="224"/><point x="431" y="231"/><point x="430" y="234"/><point x="429" y="237"/><point x="427" y="240"/><point x="425" y="244"/><point x="424" y="247"/><point x="422" y="250"/><point x="420" y="253"/><point x="417" y="256"/><point x="414" y="259"/><point x="412" y="261"/><point x="409" y="264"/><point x="402" y="269"/><point x="398" y="271"/><point x="395" y="274"/><point x="391" y="276"/><point x="387" y="278"/><point x="378" y="282"/><point x="374" y="284"/><point x="369" y="286"/><point x="364" y="288"/><point x="355" y="291"/><point x="351" y="292"/><point x="346" y="294"/><point x="342" y="295"/><point x="338" y="296"/><point x="330" y="297"/><point x="326" y="298"/><point x="322" y="298"/><point x="319" y="299"/><point x="316" y="299"/><point x="314" y="299"/><point x="310" y="299"/><point x="308" y="299"/><point x="307" y="299"/><point x="306" y="299"/><point x="307" y="299"/><point x="308" y="299"/><point x="309" y="299"/><point x="310" y="299"/><point x="313" y="299"/><point x="317" y="300"/><point x="321" y="300"/><point x="324" y="300"/><point x="328" y="301"/><point x="332" y="301"/><point x="342" y="302"/><point x="347" y="303"/><point x="353" y="303"/><point x="358" y="303"/><point x="364" y="304"/><point x="371" y="305"/><point x="377" y="305"/><point x="391" y="307"/><point x="398" y="307"/><point x="406" y="308"/><point x="412" y="309"/><point x="419" y="310"/><point x="427" y="311"/><point x="435" y="312"/><point x="448" y="314"/><point x="456" y="315"/><point x="462" y="316"/><point x="469" y="317"/><point x="476" y="318"/><point x="482" y="319"/><point x="490" y="321"/><point x="502" y="323"/><point x="509" y="324"/><point x="514" y="325"/><point x="521" y="326"/><point x="526" y="327"/><point x="538" y="329"/><point x="543" y="330"/><point x="553" y="332"/><point x="557" y="332"/><point x="561" y="333"/><point x="565" y="334"/><point x="569" y="335"/><point x="572" y="335"/><point x="574" y="336"/><point x="577" y="337"/><point x="579" y="337"/><point x="582" y="338"/><point x="583" y="339"/><point x="584" y="339"/><point x="583" y="339"/><point x="582" y="339"/><point x="116" y="444"/><point x="116" y="442"/><point x="116" y="440"/><point x="116" y="439"/><point x="116" y="437"/><point x="116" y="435"/><point x="116" y="434"/><point x="116" y="433"/><point x="116" y="432"/><point x="116" y="431"/><point x="116" y="429"/><point x="116" y="428"/><point x="116" y="426"/><point x="116" y="424"/><point x="116" y="423"/><point x="116" y="422"/><point x="117" y="420"/><point x="117" y="419"/><point x="117" y="416"/><point x="118" y="414"/><point x="118" y="413"/><point x="118" y="411"/><point x="119" y="409"/><point x="119" y="407"/><point x="120" y="406"/><point x="121" y="402"/><point x="122" y="400"/><point x="123" y="397"/><point x="124" y="395"/><point x="125" y="393"/><point x="126" y="391"/><point x="127" y="389"/><point x="129" y="386"/><point x="130" y="384"/><point x="131" y="382"/><point x="133" y="379"/><point x="135" y="376"/><point x="137" y="374"/><point x="141" y="369"/><point x="144" y="366"/><point x="145" y="363"/><point x="148" y="360"/><point x="151" y="358"/><point x="153" y="355"/><point x="159" y="349"/><point x="162" y="346"/><point x="165" y="343"/><point x="172" y="337"/><point x="175" y="334"/><point x="179" y="331"/><point x="183" y="328"/><point x="187" y="325"/><point x="190" y="322"/><point x="198" y="317"/><point x="202" y="314"/><point x="206" y="311"/><point x="214" y="307"/><point x="219" y="304"/><point x="223" y="302"/><point x="226" y="299"/><point x="231" y="297"/><point x="239" y="292"/><point x="243" y="290"/><point x="247" y="288"/><point x="251" y="286"/><point x="255" y="284"/><point x="259" y="282"/><point x="266" y="279"/><point x="270" y="277"/><point x="273" y="276"/><point x="277" y="274"/><point x="281" y="273"/><point x="288" y="271"/><point x="291" y="269"/><point x="298" y="267"/><point x="300" y="266"/><point x="304" y="265"/><point x="310" y="263"/><point x="312" y="262"/><point x="315" y="262"/><point x="318" y="261"/><point x="320" y="260"/><point x="322" y="260"/><point x="324" y="259"/><point x="326" y="259"/><point x="327" y="258"/><point x="329" y="258"/><point x="330" y="257"/><point x="331" y="257"/><point x="332" y="257"/><point x="333" y="257"/><point x="333" y="256"/><point x="333" y="255"/><point x="332" y="254"/><point x="332" y="253"/><point x="331" y="253"/><point x="330" y="252"/><point x="329" y="250"/><point x="328" y="249"/><point x="326" y="248"/><point x="325" y="248"/><point x="324" y="246"/><point x="321" y="244"/><point x="319" y="243"/><point x="317" y="242"/><point x="312" y="240"/><point x="310" y="239"/><point x="308" y="238"/><point x="302" y="235"/><point x="299" y="234"/><point x="296" y="233"/><point x="293" y="231"/><point x="290" y="230"/><point x="288" y="229"/><point x="284" y="227"/><point x="281" y="226"/><point x="278" y="225"/><point x="275" y="223"/><point x="272" y="222"/><point x="269" y="221"/><point x="266" y="219"/><point x="262" y="218"/><point x="260" y="216"/><point x="257" y="215"/><point x="253" y="213"/><point x="251" y="211"/><point x="245" y="208"/><point x="242" y="206"/><point x="239" y="205"/><point x="237" y="203"/><point x="234" y="201"/><point x="232" y="200"/><point x="230" y="199"/><point x="228" y="197"/><point x="224" y="194"/><point x="222" y="192"/><point x="221" y="191"/><point x="219" y="190"/><point x="218" y="189"/><point x="217" y="187"/><point x="216" y="186"/><point x="215" y="185"/><point x="213" y="183"/><point x="212" y="182"/><point x="212" y="181"/><point x="211" y="180"/><point x="211" y="179"/><point x="210" y="179"/><point x="210" y="178"/><point x="209" y="178"/><point x="209" y="177"/><point x="209" y="176"/><point x="210" y="176"/><point x="211" y="176"/><point x="211" y="177"/><point x="212" y="177"/><point x="212" y="178"/><point x="213" y="179"/><point x="214" y="180"/><point x="215" y="181"/><point x="215" y="182"/><point x="216" y="183"/><point x="217" y="185"/><point x="218" y="186"/><point x="219" y="187"/><point x="220" y="188"/><point x="221" y="189"/><point x="222" y="190"/><point x="223" y="192"/><point x="225" y="195"/><point x="226" y="197"/><point x="228" y="199"/><point x="229" y="201"/><point x="230" y="202"/><point x="232" y="205"/><point x="233" y="207"/><point x="236" y="211"/><point x="238" y="213"/><point x="239" y="216"/><point x="241" y="218"/><point x="244" y="221"/><point x="245" y="223"/><point x="247" y="225"/><point x="252" y="230"/><point x="254" y="232"/><point x="257" y="234"/><point x="259" y="236"/><point x="262" y="239"/><point x="264" y="241"/><point x="268" y="243"/><point x="270" y="245"/><point x="273" y="246"/><point x="277" y="249"/><point x="279" y="250"/><point x="282" y="252"/><point x="286" y="254"/><point x="289" y="256"/><point x="292" y="257"/><point x="296" y="259"/><point x="299" y="260"/><point x="302" y="262"/><point x="305" y="263"/><point x="309" y="264"/><point x="311" y="266"/><point x="315" y="267"/><point x="318" y="268"/><point x="321" y="269"/><point x="324" y="270"/><point x="327" y="271"/><point x="330" y="272"/><point x="334" y="274"/><point x="337" y="275"/><point x="339" y="276"/><point x="343" y="277"/><point x="345" y="278"/><point x="346" y="278"/><point x="348" y="278"/><point x="349" y="279"/><point x="350" y="279"/><point x="351" y="279"/><point x="352" y="279"/><point x="353" y="279"/><point x="352" y="279"/><point x="351" y="279"/><point x="350" y="279"/><point x="349" y="278"/><point x="348" y="278"/><point x="344" y="276"/><point x="342" y="275"/><point x="340" y="275"/><point x="337" y="274"/><point x="335" y="273"/><point x="332" y="273"/><point x="329" y="272"/><point x="321" y="271"/><point x="318" y="270"/><point x="313" y="269"/><point x="309" y="269"/><point x="305" y="269"/><point x="300" y="269"/><point x="290" y="268"/><point x="285" y="268"/><point x="280" y="268"/><point x="274" y="268"/><point x="269" y="268"/><point x="263" y="268"/><point x="257" y="268"/><point x="252" y="269"/><point x="245" y="269"/><point x="239" y="270"/><point x="232" y="270"/><point x="226" y="271"/><point x="221" y="272"/><point x="214" y="273"/><point x="201" y="275"/><point x="196" y="276"/><point x="190" y="277"/><point x="184" y="278"/><point x="179" y="279"/><point x="174" y="280"/><point x="169" y="281"/><point x="165" y="282"/><point x="161" y="283"/><point x="157" y="284"/><point x="154" y="285"/><point x="151" y="286"/><point x="149" y="287"/><point x="145" y="289"/><point x="144" y="290"/><point x="143" y="290"/><point x="143" y="291"/><point x="143" y="292"/><point x="143" y="293"/><point x="143" y="294"/><point x="143" y="295"/><point x="143" y="297"/><point x="143" y="298"/><point x="144" y="302"/><point x="144" y="303"/><point x="145" y="305"/><point x="146" y="307"/><point x="147" y="309"/><point x="148" y="311"/><point x="151" y="315"/><point x="153" y="316"/><point x="154" y="318"/><point x="156" y="320"/><point x="158" y="322"/><point x="160" y="324"/><point x="162" y="326"/><point x="164" y="327"/><point x="166" y="329"/><point x="168" y="331"/><point x="173" y="335"/><point x="175" y="336"/><point x="178" y="338"/><point x="180" y="340"/><point x="183" y="342"/><point x="189" y="345"/><point x="191" y="347"/><point x="193" y="348"/><point x="199" y="352"/><point x="202" y="353"/><point x="205" y="355"/><point x="208" y="356"/><point x="211" y="358"/><point x="217" y="360"/><point x="220" y="362"/><point x="223" y="363"/><point x="227" y="364"/><point x="230" y="366"/><point x="237" y="368"/><point x="240" y="369"/><point x="244" y="370"/><point x="247" y="371"/><point x="250" y="371"/><point x="254" y="372"/><point x="257" y="373"/><point x="264" y="374"/><point x="268" y="375"/><point x="271" y="375"/><point x="278" y="376"/><point x="280" y="377"/><point x="283" y="377"/><point x="286" y="377"/><point x="291" y="378"/><point x="293" y="378"/><point x="295" y="379"/><point x="297" y="379"/><point x="300" y="380"/><point x="301" y="380"/><point x="302" y="380"/><point x="303" y="380"/><point x="304" y="380"/><point x="304" y="379"/><point x="303" y="379"/><point x="302" y="377"/><point x="300" y="375"/><point x="299" y="374"/><point x="298" y="372"/><point x="296" y="370"/><point x="295" y="369"/><point x="291" y="366"/><point x="287" y="362"/><point x="285" y="361"/><point x="282" y="359"/><point x="280" y="357"/><point x="277" y="355"/><point x="275" y="353"/><point x="269" y="349"/><point x="267" y="348"/><point x="265" y="346"/><point x="262" y="343"/><point x="260" y="341"/><point x="258" y="340"/><point x="253" y="335"/><point x="251" y="332"/><point x="250" y="330"/><point x="248" y="327"/><point x="246" y="325"/><point x="245" y="323"/><point x="243" y="320"/><point x="242" y="317"/><point x="241" y="314"/><point x="240" y="311"/><point x="239" y="309"/><point x="238" y="306"/><point x="237" y="300"/><point x="237" y="297"/><point x="237" y="294"/><point x="237" y="291"/><point x="237" y="286"/><point x="237" y="283"/><point x="237" y="280"/><point x="238" y="277"/><point x="239" y="275"/><point x="242" y="269"/><point x="244" y="266"/><point x="246" y="264"/><point x="248" y="261"/><point x="251" y="259"/><point x="253" y="256"/><point x="256" y="254"/><point x="263" y="249"/><point x="267" y="247"/><point x="270" y="244"/><point x="275" y="242"/><point x="283" y="239"/><point x="288" y="236"/><point x="292" y="235"/><point x="296" y="233"/><point x="301" y="231"/><point x="306" y="230"/><point x="311" y="228"/><point x="315" y="227"/><point x="321" y="226"/><point x="326" y="224"/><point x="330" y="224"/><point x="336" y="223"/><point x="341" y="221"/><point x="345" y="221"/><point x="356" y="219"/><point x="361" y="217"/><point x="366" y="217"/><point x="372" y="215"/><point x="376" y="215"/><point x="381" y="214"/><point x="387" y="213"/><point x="391" y="212"/><point x="396" y="211"/><point x="405" y="210"/><point x="410" y="208"/><point x="414" y="208"/><point x="419" y="207"/><point x="426" y="205"/><point x="430" y="204"/><point x="433" y="203"/><point x="437" y="202"/><point x="442" y="200"/><point x="445" y="199"/><point x="447" y="199"/><point x="449" y="198"/><point x="451" y="197"/><point x="452" y="197"/><point x="454" y="196"/><point x="455" y="195"/><point x="455" y="194"/><point x="455" y="193"/><point x="455" y="192"/><point x="454" y="192"/><point x="454" y="191"/><point x="454" y="190"/><point x="452" y="189"/><point x="452" y="188"/><point x="451" y="187"/><point x="450" y="187"/><point x="449" y="185"/><point x="449" y="184"/><point x="447" y="183"/><point x="447" y="182"/><point x="446" y="181"/><point x="445" y="180"/><point x="444" y="179"/><point x="442" y="177"/><point x="440" y="175"/><point x="439" y="174"/><point x="437" y="173"/><point x="436" y="171"/><point x="435" y="170"/><point x="433" y="169"/><point x="432" y="168"/><point x="429" y="165"/><point x="427" y="164"/><point x="425" y="162"/><point x="423" y="161"/><point x="422" y="160"/><point x="418" y="157"/><point x="416" y="156"/><point x="414" y="154"/><point x="412" y="153"/><point x="410" y="151"/><point x="408" y="150"/><point x="406" y="149"/><point x="403" y="146"/><point x="401" y="145"/><point x="400" y="143"/><point x="398" y="142"/><point x="397" y="141"/><point x="394" y="138"/><point x="393" y="138"/><point x="392" y="136"/><point x="391" y="135"/><point x="390" y="134"/><point x="388" y="132"/><point x="387" y="131"/><point x="386" y="130"/><point x="386" y="129"/><point x="385" y="128"/><point x="384" y="127"/><point x="385" y="127"/><point x="385" y="128"/><point x="386" y="128"/><point x="386" y="129"/><point x="387" y="129"/><point x="387" y="130"/><point x="387" y="131"/><point x="387" y="132"/><point x="388" y="133"/><point x="388" y="134"/><point x="388" y="135"/><point x="302" y="424"/><point x="300" y="424"/><point x="299" y="424"/><point x="298" y="424"/><point x="296" y="423"/><point x="295" y="423"/><point x="294" y="423"/><point x="293" y="422"/><point x="292" y="422"/><point x="291" y="422"/><point x="290" y="422"/><point x="287" y="421"/><point x="285" y="421"/><point x="283" y="420"/><point x="282" y="420"/><point x="281" y="419"/><point x="280" y="419"/><point x="279" y="419"/><point x="278" y="418"/><point x="277" y="418"/><point x="276" y="418"/><point x="275" y="417"/><point x="274" y="417"/><point x="273" y="416"/><point x="272" y="416"/><point x="272" y="415"/><point x="271" y="415"/><point x="270" y="414"/><point x="269" y="414"/><point x="268" y="414"/><point x="268" y="413"/><point x="267" y="412"/><point x="266" y="412"/><point x="265" y="411"/><point x="265" y="410"/><point x="264" y="410"/><point x="264" y="409"/><point x="263" y="409"/><point x="263" y="408"/><point x="262" y="407"/><point x="262" y="406"/><point x="261" y="406"/><point x="261" y="405"/><point x="261" y="404"/><point x="260" y="404"/><point x="260" y="403"/><point x="259" y="403"/><point x="258" y="401"/><point x="258" y="400"/><point x="257" y="399"/><point x="256" y="398"/><point x="256" y="397"/><point x="255" y="396"/><point x="255" y="395"/><point x="255" y="394"/><point x="254" y="394"/><point x="254" y="393"/><point x="253" y="393"/><point x="253" y="392"/><point x="252" y="391"/><point x="252" y="390"/><point x="251" y="389"/><point x="251" y="388"/><point x="250" y="387"/><point x="250" y="386"/><point x="249" y="385"/><point x="249" y="384"/><point x="249" y="383"/><point x="248" y="382"/><point x="248" y="381"/><point x="248" y="380"/><point x="247" y="379"/><point x="246" y="376"/><point x="246" y="375"/><point x="246" y="374"/><point x="245" y="373"/><point x="245" y="372"/><point x="245" y="370"/><point x="244" y="368"/><point x="244" y="366"/><point x="244" y="365"/><point x="243" y="363"/><point x="243" y="362"/><point x="243" y="360"/><point x="243" y="359"/><point x="243" y="358"/><point x="242" y="356"/><point x="242" y="354"/><point x="242" y="351"/><point x="242" y="349"/><point x="242" y="347"/><point x="242" y="346"/><point x="242" y="344"/><point x="242" y="342"/><point x="242" y="340"/><point x="242" y="338"/><point x="242" y="336"/><point x="242" y="334"/><point x="243" y="332"/><point x="244" y="330"/><point x="245" y="328"/><point x="246" y="326"/><point x="247" y="323"/><point x="249" y="322"/><point x="250" y="319"/><point x="251" y="316"/><point x="253" y="314"/><point x="254" y="312"/><point x="258" y="306"/><point x="260" y="304"/><point x="261" y="302"/><point x="263" y="299"/><point x="265" y="296"/><point x="267" y="294"/><point x="270" y="291"/><point x="272" y="288"/><point x="277" y="283"/><point x="280" y="280"/><point x="283" y="277"/><point x="289" y="273"/><point x="292" y="270"/><point x="295" y="268"/><point x="298" y="266"/><point x="305" y="262"/><point x="308" y="260"/><point x="311" y="258"/><point x="314" y="256"/><point x="317" y="254"/><point x="320" y="252"/><point x="324" y="251"/><point x="330" y="248"/><point x="333" y="246"/><point x="336" y="245"/><point x="339" y="244"/><point x="342" y="242"/><point x="345" y="241"/><point x="348" y="240"/><point x="352" y="239"/><point x="354" y="237"/><point x="357" y="237"/><point x="361" y="235"/><point x="364" y="234"/><point x="367" y="233"/><point x="370" y="233"/><point x="373" y="232"/><point x="376" y="231"/><point x="379" y="230"/><point x="382" y="229"/><point x="384" y="228"/><point x="387" y="228"/><point x="390" y="227"/><point x="393" y="226"/><point x="396" y="225"/><point x="399" y="224"/><point x="402" y="223"/><point x="404" y="223"/><point x="407" y="222"/><point x="413" y="220"/><point x="415" y="219"/><point x="418" y="218"/><point x="421" y="217"/><point x="426" y="216"/><point x="429" y="215"/><point x="431" y="214"/><point x="433" y="213"/><point x="435" y="212"/><point x="437" y="212"/><point x="439" y="211"/><point x="441" y="211"/><point x="442" y="210"/><point x="444" y="210"/><point x="445" y="209"/><point x="446" y="209"/><point x="447" y="208"/><point x="447" y="207"/><point x="446" y="207"/><point x="446" y="206"/><point x="445" y="206"/><point x="445" y="205"/><point x="444" y="204"/><point x="443" y="203"/><point x="442" y="202"/><point x="441" y="201"/><point x="440" y="199"/><point x="439" y="198"/><point x="437" y="197"/><point x="436" y="196"/><point x="434" y="194"/><point x="432" y="194"/><point x="431" y="192"/><point x="430" y="191"/><point x="428" y="190"/><point x="425" y="188"/><point x="423" y="187"/><point x="421" y="186"/><point x="419" y="185"/><point x="417" y="184"/><point x="415" y="183"/><point x="413" y="182"/><point x="411" y="181"/><point x="406" y="178"/><point x="404" y="177"/><point x="402" y="176"/><point x="399" y="174"/><point x="394" y="172"/><point x="392" y="171"/><point x="389" y="170"/><point x="386" y="169"/><point x="384" y="167"/><point x="381" y="167"/><point x="379" y="166"/><point x="376" y="165"/><point x="374" y="164"/><point x="368" y="162"/><point x="366" y="161"/><point x="364" y="161"/><point x="361" y="160"/><point x="359" y="160"/><point x="354" y="159"/><point x="352" y="158"/><point x="350" y="158"/><point x="348" y="158"/><point x="346" y="157"/><point x="343" y="157"/><point x="339" y="156"/><point x="337" y="156"/><point x="335" y="156"/><point x="332" y="156"/><point x="330" y="156"/><point x="328" y="156"/><point x="324" y="156"/><point x="322" y="156"/><point x="319" y="156"/><point x="317" y="156"/><point x="315" y="156"/><point x="313" y="156"/><point x="309" y="157"/><point x="307" y="157"/><point x="305" y="158"/><point x="303" y="158"/><point x="301" y="159"/><point x="299" y="159"/><point x="297" y="159"/><point x="295" y="160"/><point x="291" y="161"/><point x="288" y="161"/><point x="287" y="162"/><point x="282" y="163"/><point x="280" y="163"/><point x="278" y="164"/><point x="276" y="165"/><point x="273" y="166"/><point x="271" y="166"/><point x="269" y="167"/><point x="267" y="168"/><point x="261" y="169"/><point x="259" y="170"/><point x="257" y="171"/><point x="254" y="172"/><point x="249" y="173"/><point x="247" y="174"/><point x="244" y="175"/><point x="241" y="176"/><point x="239" y="177"/><point x="236" y="178"/><point x="233" y="179"/><point x="231" y="180"/><point x="228" y="180"/><point x="226" y="182"/><point x="223" y="182"/><point x="221" y="183"/><point x="217" y="185"/><point x="215" y="185"/><point x="213" y="186"/><point x="211" y="187"/><point x="210" y="187"/><point x="208" y="188"/><point x="207" y="188"/><point x="204" y="189"/><point x="203" y="190"/><point x="202" y="190"/><point x="201" y="191"/><point x="200" y="191"/><point x="198" y="192"/><point x="197" y="192"/><point x="197" y="193"/><point x="195" y="193"/><point x="194" y="194"/><point x="193" y="194"/><point x="193" y="195"/><point x="192" y="195"/><point x="191" y="195"/><point x="191" y="196"/><point x="190" y="196"/><point x="189" y="197"/><point x="188" y="197"/><point x="188" y="198"/><point x="187" y="198"/><point x="186" y="199"/><point x="185" y="200"/><point x="184" y="200"/><point x="183" y="201"/><point x="182" y="202"/><point x="181" y="202"/><point x="180" y="203"/><point x="179" y="204"/><point x="178" y="205"/><point x="178" y="206"/><point x="177" y="206"/><point x="177" y="207"/><point x="176" y="207"/><point x="176" y="208"/><point x="176" y="209"/><point x="176" y="210"/><point x="176" y="211"/><point x="177" y="211"/><point x="177" y="212"/><point x="177" y="213"/><point x="177" y="214"/><point x="177" y="215"/><point x="177" y="216"/><point x="177" y="217"/><point x="177" y="218"/><point x="662" y="189"/><point x="647" y="194"/></frame></movie>
