<?xml version="1.0"?>
<movie><frame num="0"><point x="691" y="189"/><point x="684" y="194"/><point x="669" y="188"/><point x="199" y="390"/><point x="199" y="389"/><point x="199" y="388"/><point x="200" y="388"/><point x="200" y="387"/><point x="202" y="385"/><point x="202" y="384"/><point x="203" y="383"/><point x="204" y="381"/><point x="204" y="380"/><point x="205" y="379"/><point x="207" y="376"/><point x="208" y="375"/><point x="209" y="374"/><point x="211" y="371"/><point x="212" y="370"/><point x="213" y="369"/><point x="214" y="367"/><point x="216" y="365"/><point x="217" y="364"/><point x="218" y="363"/><point x="218" y="362"/><point x="219" y="361"/><point x="220" y="360"/><point x="221" y="359"/><point x="222" y="358"/><point x="223" y="357"/><point x="223" y="356"/><point x="224" y="356"/><point x="225" y="355"/><point x="226" y="354"/><point x="226" y="353"/><point x="228" y="351"/><point x="229" y="350"/><point x="230" y="349"/><point x="232" y="347"/><point x="233" y="346"/><point x="234" y="345"/><point x="235" y="343"/><point x="238" y="340"/><point x="239" y="339"/><point x="240" y="338"/><point x="243" y="335"/><point x="245" y="334"/><point x="246" y="332"/><point x="249" y="329"/><point x="250" y="328"/><point x="253" y="326"/><point x="254" y="325"/><point x="255" y="323"/><point x="256" y="323"/><point x="258" y="321"/><point x="260" y="320"/><point x="261" y="318"/><point x="262" y="317"/><point x="263" y="316"/><point x="264" y="315"/><point x="264" y="314"/><point x="265" y="314"/><point x="265" y="313"/><point x="265" y="312"/><point x="265" y="311"/><point x="266" y="311"/><point x="266" y="310"/><point x="267" y="309"/><point x="267" y="308"/><point x="267" y="307"/><point x="268" y="307"/><point x="268" y="306"/><point x="269" y="306"/><point x="269" y="305"/><point x="270" y="303"/><point x="271" y="302"/><point x="271" y="301"/><point x="272" y="300"/><point x="272" y="299"/><point x="274" y="298"/><point x="274" y="297"/><point x="275" y="296"/><point x="276" y="294"/><point x="277" y="293"/><point x="278" y="292"/><point x="278" y="291"/><point x="279" y="289"/><point x="280" y="288"/><point x="280" y="287"/><point x="280" y="286"/><point x="281" y="285"/><point x="282" y="284"/><point x="282" y="283"/><point x="283" y="282"/><point x="283" y="281"/><point x="284" y="280"/><point x="284" y="279"/><point x="285" y="278"/><point x="286" y="277"/><point x="286" y="276"/><point x="287" y="276"/><point x="287" y="275"/><point x="288" y="274"/><point x="289" y="273"/><point x="289" y="272"/><point x="290" y="271"/><point x="291" y="270"/><point x="291" y="269"/><point x="292" y="268"/><point x="293" y="267"/><point x="294" y="267"/><point x="294" y="266"/><point x="295" y="265"/><point x="296" y="264"/><point x="296" y="263"/><point x="297" y="263"/><point x="297" y="262"/><point x="298" y="262"/><point x="299" y="261"/><point x="299" y="260"/><point x="300" y="259"/><point x="301" y="258"/><point x="301" y="257"/><point x="302" y="257"/><point x="303" y="256"/><point x="303" y="255"/><point x="304" y="255"/><point x="305" y="254"/><point x="305" y="253"/><point x="306" y="253"/><point x="306" y="252"/><point x="307" y="252"/><point x="307" y="251"/><point x="308" y="250"/><point x="308" y="249"/><point x="309" y="249"/><point x="453" y="384"/><point x="453" y="383"/><point x="452" y="383"/><point x="451" y="383"/><point x="451" y="382"/><point x="450" y="382"/><point x="449" y="382"/><point x="449" y="381"/><point x="448" y="381"/><point x="447" y="380"/><point x="446" y="380"/><point x="446" y="379"/><point x="445" y="379"/><point x="444" y="379"/><point x="443" y="379"/><point x="442" y="378"/><point x="440" y="377"/><point x="439" y="377"/><point x="438" y="377"/><point x="436" y="375"/><point x="435" y="375"/><point x="434" y="375"/><point x="433" y="374"/><point x="432" y="374"/><point x="431" y="373"/><point x="430" y="372"/><point x="428" y="372"/><point x="426" y="370"/><point x="424" y="370"/><point x="423" y="369"/><point x="422" y="368"/><point x="420" y="367"/><point x="417" y="366"/><point x="415" y="365"/><point x="414" y="364"/><point x="410" y="362"/><point x="408" y="361"/><point x="406" y="359"/><point x="402" y="357"/><point x="400" y="356"/><point x="395" y="354"/><point x="393" y="353"/><point x="390" y="352"/><point x="386" y="350"/><point x="383" y="348"/><point x="378" y="346"/><point x="375" y="345"/><point x="370" y="342"/><point x="368" y="341"/><point x="365" y="340"/><point x="360" y="338"/><point x="358" y="336"/><point x="355" y="335"/><point x="352" y="334"/><point x="348" y="331"/><point x="345" y="330"/><point x="343" y="329"/><point x="339" y="326"/><point x="337" y="325"/><point x="333" y="323"/><point x="330" y="321"/><point x="328" y="320"/><point x="326" y="319"/><point x="324" y="318"/><point x="322" y="317"/><point x="320" y="316"/><point x="318" y="315"/><point x="316" y="314"/><point x="315" y="312"/><point x="313" y="312"/><point x="311" y="311"/><point x="307" y="308"/><point x="305" y="307"/><point x="303" y="306"/><point x="300" y="303"/><point x="298" y="302"/><point x="296" y="301"/><point x="294" y="300"/><point x="292" y="298"/><point x="289" y="296"/><point x="287" y="295"/><point x="285" y="294"/><point x="281" y="291"/><point x="279" y="290"/><point x="278" y="289"/><point x="276" y="287"/><point x="273" y="285"/><point x="271" y="284"/><point x="269" y="283"/><point x="265" y="281"/><point x="263" y="279"/><point x="261" y="278"/><point x="258" y="276"/><point x="256" y="275"/><point x="255" y="274"/><point x="253" y="273"/><point x="250" y="271"/><point x="248" y="270"/><point x="246" y="269"/><point x="245" y="268"/><point x="243" y="267"/><point x="242" y="266"/><point x="241" y="265"/><point x="239" y="264"/><point x="237" y="263"/><point x="236" y="262"/><point x="234" y="261"/><point x="233" y="261"/><point x="232" y="260"/><point x="231" y="259"/><point x="230" y="259"/><point x="229" y="258"/><point x="228" y="258"/><point x="226" y="257"/><point x="225" y="256"/><point x="224" y="255"/><point x="223" y="255"/><point x="222" y="255"/><point x="222" y="254"/><point x="221" y="254"/><point x="220" y="254"/><point x="220" y="253"/><point x="219" y="253"/><point x="218" y="253"/><point x="217" y="252"/><point x="216" y="252"/><point x="216" y="251"/><point x="215" y="251"/><point x="214" y="251"/></frame><frame num="1"><point x="219" y="432"/><point x="219" y="431"/><point x="219" y="430"/><point x="219" y="429"/><point x="220" y="428"/><point x="220" y="426"/><point x="220" y="425"/><point x="220" y="423"/><point x="220" y="422"/><point x="221" y="420"/><point x="221" y="419"/><point x="221" y="418"/><point x="222" y="416"/><point x="222" y="413"/><point x="222" y="411"/><point x="223" y="410"/><point x="224" y="406"/><point x="224" y="404"/><point x="224" y="403"/><point x="224" y="401"/><point x="225" y="397"/><point x="225" y="395"/><point x="226" y="393"/><point x="226" y="391"/><point x="226" y="387"/><point x="227" y="385"/><point x="227" y="383"/><point x="227" y="381"/><point x="228" y="377"/><point x="228" y="375"/><point x="229" y="373"/><point x="229" y="369"/><point x="230" y="367"/><point x="230" y="365"/><point x="231" y="363"/><point x="231" y="359"/><point x="232" y="357"/><point x="232" y="355"/><point x="233" y="353"/><point x="233" y="349"/><point x="234" y="347"/><point x="234" y="346"/><point x="235" y="342"/><point x="235" y="340"/><point x="236" y="339"/><point x="236" y="337"/><point x="236" y="335"/><point x="237" y="334"/><point x="237" y="332"/><point x="238" y="330"/><point x="238" y="328"/><point x="238" y="327"/><point x="238" y="326"/><point x="239" y="324"/><point x="239" y="322"/><point x="240" y="321"/><point x="240" y="320"/><point x="240" y="318"/><point x="241" y="316"/><point x="241" y="315"/><point x="242" y="314"/><point x="242" y="313"/><point x="242" y="312"/><point x="242" y="311"/><point x="242" y="310"/><point x="242" y="309"/><point x="242" y="308"/><point x="363" y="410"/><point x="363" y="409"/><point x="363" y="408"/><point x="363" y="407"/><point x="363" y="406"/><point x="363" y="405"/><point x="363" y="404"/><point x="364" y="402"/><point x="364" y="401"/><point x="364" y="399"/><point x="364" y="398"/><point x="365" y="395"/><point x="365" y="393"/><point x="365" y="392"/><point x="366" y="390"/><point x="366" y="389"/><point x="366" y="387"/><point x="367" y="385"/><point x="367" y="381"/><point x="368" y="379"/><point x="368" y="377"/><point x="369" y="372"/><point x="370" y="370"/><point x="370" y="368"/><point x="371" y="366"/><point x="372" y="363"/><point x="373" y="358"/><point x="373" y="356"/><point x="374" y="353"/><point x="375" y="350"/><point x="376" y="345"/><point x="377" y="342"/><point x="378" y="339"/><point x="379" y="337"/><point x="380" y="332"/><point x="381" y="329"/><point x="382" y="326"/><point x="382" y="324"/><point x="383" y="321"/><point x="384" y="319"/><point x="385" y="316"/><point x="385" y="314"/><point x="386" y="312"/><point x="387" y="309"/><point x="387" y="307"/><point x="388" y="305"/><point x="389" y="303"/><point x="390" y="298"/><point x="391" y="296"/><point x="391" y="294"/><point x="392" y="292"/><point x="393" y="288"/><point x="394" y="286"/><point x="395" y="284"/><point x="395" y="283"/><point x="395" y="281"/><point x="396" y="280"/><point x="396" y="278"/><point x="397" y="277"/><point x="397" y="276"/><point x="398" y="274"/><point x="398" y="273"/><point x="398" y="272"/><point x="398" y="271"/><point x="399" y="270"/><point x="399" y="269"/><point x="399" y="268"/><point x="168" y="353"/><point x="168" y="352"/><point x="168" y="351"/><point x="168" y="350"/><point x="168" y="349"/><point x="168" y="348"/><point x="167" y="347"/><point x="167" y="346"/><point x="167" y="345"/><point x="167" y="344"/><point x="167" y="342"/><point x="167" y="341"/><point x="167" y="339"/><point x="167" y="337"/><point x="167" y="336"/><point x="166" y="335"/><point x="166" y="332"/><point x="166" y="331"/><point x="166" y="330"/><point x="166" y="327"/><point x="166" y="326"/><point x="165" y="325"/><point x="165" y="323"/><point x="165" y="322"/><point x="165" y="321"/><point x="165" y="319"/><point x="165" y="318"/><point x="165" y="316"/><point x="165" y="313"/><point x="165" y="312"/><point x="165" y="310"/><point x="165" y="308"/><point x="165" y="305"/><point x="165" y="303"/><point x="165" y="301"/><point x="165" y="299"/><point x="165" y="295"/><point x="165" y="293"/><point x="165" y="291"/><point x="166" y="286"/><point x="166" y="283"/><point x="166" y="281"/><point x="167" y="276"/><point x="168" y="274"/><point x="168" y="271"/><point x="169" y="266"/><point x="169" y="263"/><point x="170" y="261"/><point x="171" y="258"/><point x="172" y="252"/><point x="173" y="249"/><point x="174" y="246"/><point x="175" y="243"/><point x="178" y="237"/><point x="179" y="233"/><point x="181" y="230"/><point x="183" y="226"/><point x="187" y="220"/><point x="192" y="213"/><point x="194" y="210"/><point x="197" y="206"/><point x="200" y="203"/><point x="202" y="199"/><point x="205" y="196"/><point x="211" y="189"/><point x="215" y="186"/><point x="218" y="183"/><point x="224" y="177"/><point x="228" y="174"/><point x="232" y="172"/><point x="235" y="169"/><point x="243" y="164"/><point x="247" y="161"/><point x="251" y="159"/><point x="258" y="155"/><point x="262" y="154"/><point x="266" y="152"/><point x="270" y="150"/><point x="274" y="149"/><point x="278" y="147"/><point x="283" y="146"/><point x="287" y="145"/><point x="296" y="142"/><point x="302" y="141"/><point x="306" y="140"/><point x="312" y="140"/><point x="316" y="139"/><point x="321" y="138"/><point x="327" y="138"/><point x="332" y="137"/><point x="343" y="136"/><point x="348" y="135"/><point x="354" y="134"/><point x="359" y="134"/><point x="371" y="133"/><point x="377" y="132"/><point x="383" y="132"/><point x="390" y="131"/><point x="396" y="131"/><point x="403" y="130"/><point x="409" y="130"/><point x="416" y="129"/><point x="429" y="129"/><point x="436" y="128"/><point x="442" y="128"/><point x="448" y="128"/><point x="455" y="127"/><point x="468" y="127"/><point x="480" y="127"/><point x="487" y="127"/><point x="492" y="127"/><point x="504" y="128"/><point x="509" y="128"/><point x="520" y="129"/><point x="525" y="130"/><point x="530" y="130"/><point x="535" y="131"/><point x="544" y="132"/><point x="548" y="133"/><point x="556" y="135"/><point x="560" y="135"/><point x="567" y="137"/><point x="570" y="138"/><point x="573" y="139"/><point x="575" y="140"/><point x="578" y="141"/><point x="579" y="142"/><point x="583" y="144"/><point x="585" y="145"/><point x="586" y="146"/><point x="587" y="147"/><point x="589" y="149"/><point x="590" y="150"/><point x="591" y="151"/><point x="592" y="152"/><point x="592" y="153"/><point x="593" y="153"/><point x="593" y="154"/><point x="595" y="155"/><point x="595" y="156"/><point x="596" y="157"/><point x="596" y="158"/><point x="597" y="159"/><point x="598" y="160"/><point x="599" y="161"/><point x="599" y="162"/><point x="600" y="162"/><point x="601" y="164"/><point x="602" y="164"/><point x="602" y="165"/><point x="603" y="166"/><point x="604" y="167"/><point x="605" y="168"/><point x="606" y="168"/><point x="606" y="169"/><point x="607" y="169"/><point x="608" y="169"/><point x="609" y="169"/><point x="609" y="170"/></frame><frame num="2"><point x="177" y="414"/><point x="177" y="413"/><point x="177" y="412"/><point x="177" y="411"/><point x="176" y="410"/><point x="176" y="409"/><point x="176" y="408"/><point x="176" y="407"/><point x="176" y="406"/><point x="176" y="405"/><point x="176" y="404"/><point x="176" y="403"/><point x="176" y="402"/><point x="176" y="401"/><point x="176" y="400"/><point x="176" y="399"/><point x="176" y="398"/><point x="176" y="397"/><point x="176" y="395"/><point x="176" y="394"/><point x="176" y="393"/><point x="176" y="392"/><point x="176" y="390"/><point x="176" y="389"/><point x="176" y="388"/><point x="176" y="387"/><point x="176" y="385"/><point x="176" y="384"/><point x="176" y="383"/><point x="176" y="382"/><point x="176" y="380"/><point x="176" y="379"/><point x="176" y="377"/><point x="176" y="376"/><point x="176" y="375"/><point x="177" y="374"/><point x="177" y="372"/><point x="177" y="370"/><point x="177" y="369"/><point x="177" y="368"/><point x="177" y="367"/><point x="177" y="366"/><point x="178" y="365"/><point x="178" y="364"/><point x="178" y="362"/><point x="179" y="361"/><point x="179" y="359"/><point x="180" y="358"/><point x="180" y="357"/><point x="181" y="355"/><point x="181" y="354"/><point x="181" y="353"/><point x="182" y="351"/><point x="182" y="350"/><point x="183" y="349"/><point x="183" y="348"/><point x="184" y="348"/><point x="185" y="346"/><point x="185" y="345"/><point x="186" y="344"/><point x="186" y="343"/><point x="187" y="342"/><point x="187" y="341"/><point x="188" y="341"/><point x="188" y="339"/><point x="189" y="339"/><point x="190" y="338"/><point x="190" y="337"/><point x="191" y="336"/><point x="191" y="335"/><point x="192" y="334"/><point x="193" y="333"/><point x="193" y="332"/><point x="194" y="332"/><point x="195" y="330"/><point x="196" y="329"/><point x="197" y="328"/><point x="197" y="327"/><point x="198" y="326"/><point x="199" y="325"/><point x="200" y="324"/><point x="201" y="323"/><point x="202" y="323"/><point x="202" y="322"/><point x="203" y="321"/><point x="204" y="321"/><point x="204" y="320"/><point x="205" y="320"/><point x="206" y="319"/><point x="208" y="318"/><point x="209" y="317"/><point x="210" y="317"/><point x="211" y="316"/><point x="212" y="316"/><point x="213" y="315"/><point x="215" y="314"/><point x="217" y="314"/><point x="218" y="314"/><point x="219" y="313"/><point x="222" y="312"/><point x="224" y="312"/><point x="225" y="312"/><point x="226" y="311"/><point x="228" y="311"/><point x="229" y="311"/><point x="230" y="310"/><point x="232" y="310"/><point x="233" y="310"/><point x="235" y="309"/><point x="236" y="309"/><point x="238" y="309"/><point x="239" y="309"/><point x="240" y="309"/><point x="241" y="308"/><point x="242" y="308"/><point x="244" y="308"/><point x="245" y="308"/><point x="246" y="308"/><point x="247" y="308"/><point x="249" y="308"/><point x="250" y="308"/><point x="251" y="308"/><point x="252" y="308"/><point x="253" y="308"/><point x="254" y="308"/><point x="255" y="308"/><point x="256" y="308"/><point x="257" y="308"/><point x="258" y="308"/><point x="259" y="308"/><point x="259" y="309"/><point x="260" y="309"/><point x="261" y="309"/><point x="262" y="310"/><point x="263" y="310"/><point x="264" y="311"/><point x="265" y="311"/><point x="266" y="312"/><point x="267" y="313"/><point x="268" y="313"/><point x="269" y="314"/><point x="270" y="314"/><point x="271" y="315"/><point x="272" y="316"/><point x="273" y="317"/><point x="274" y="317"/><point x="275" y="317"/><point x="277" y="318"/><point x="278" y="319"/><point x="280" y="320"/><point x="281" y="321"/><point x="282" y="321"/><point x="283" y="322"/><point x="284" y="322"/><point x="285" y="323"/><point x="286" y="324"/><point x="287" y="324"/><point x="289" y="325"/><point x="290" y="326"/><point x="291" y="326"/><point x="292" y="327"/><point x="294" y="328"/><point x="295" y="329"/><point x="296" y="330"/><point x="297" y="330"/><point x="298" y="331"/><point x="299" y="332"/><point x="300" y="333"/><point x="301" y="334"/><point x="302" y="335"/><point x="303" y="335"/><point x="304" y="336"/><point x="305" y="337"/><point x="306" y="338"/><point x="307" y="339"/><point x="308" y="339"/><point x="308" y="340"/><point x="309" y="341"/><point x="310" y="342"/><point x="311" y="343"/><point x="312" y="344"/><point x="312" y="345"/><point x="313" y="346"/><point x="314" y="347"/><point x="314" y="348"/><point x="314" y="349"/><point x="315" y="349"/><point x="316" y="350"/><point x="316" y="351"/><point x="317" y="352"/><point x="317" y="353"/><point x="317" y="354"/><point x="318" y="355"/><point x="319" y="356"/><point x="319" y="357"/><point x="320" y="358"/><point x="320" y="360"/><point x="321" y="360"/><point x="321" y="361"/><point x="322" y="362"/><point x="323" y="364"/><point x="324" y="365"/><point x="324" y="366"/><point x="325" y="366"/><point x="325" y="368"/><point x="326" y="369"/><point x="327" y="370"/><point x="328" y="370"/><point x="328" y="371"/><point x="329" y="371"/><point x="329" y="373"/><point x="330" y="373"/><point x="330" y="374"/><point x="331" y="375"/><point x="332" y="376"/><point x="332" y="377"/><point x="332" y="378"/><point x="333" y="378"/><point x="333" y="379"/><point x="333" y="380"/><point x="333" y="381"/><point x="332" y="381"/><point x="331" y="381"/><point x="331" y="382"/><point x="330" y="382"/><point x="329" y="382"/><point x="328" y="382"/><point x="327" y="382"/><point x="326" y="382"/><point x="325" y="382"/><point x="324" y="383"/><point x="323" y="383"/><point x="322" y="383"/><point x="321" y="383"/><point x="320" y="383"/><point x="319" y="383"/><point x="318" y="383"/><point x="317" y="383"/><point x="316" y="383"/><point x="315" y="383"/><point x="314" y="383"/><point x="313" y="383"/><point x="312" y="383"/><point x="311" y="383"/><point x="310" y="383"/><point x="311" y="383"/><point x="312" y="383"/><point x="313" y="383"/><point x="314" y="383"/><point x="316" y="383"/><point x="317" y="383"/><point x="319" y="383"/><point x="320" y="383"/><point x="321" y="383"/><point x="323" y="383"/><point x="324" y="382"/><point x="327" y="382"/><point x="328" y="382"/><point x="330" y="381"/><point x="332" y="381"/><point x="334" y="380"/><point x="335" y="380"/><point x="339" y="379"/><point x="341" y="379"/><point x="343" y="378"/><point x="347" y="377"/><point x="349" y="377"/><point x="353" y="376"/><point x="355" y="375"/><point x="357" y="375"/><point x="359" y="374"/><point x="361" y="374"/><point x="363" y="374"/><point x="365" y="373"/><point x="367" y="372"/><point x="370" y="371"/><point x="372" y="371"/><point x="374" y="370"/><point x="375" y="370"/><point x="379" y="369"/><point x="380" y="369"/><point x="382" y="369"/><point x="383" y="368"/><point x="386" y="367"/><point x="387" y="367"/><point x="388" y="367"/><point x="389" y="366"/><point x="391" y="366"/><point x="392" y="365"/><point x="393" y="365"/><point x="394" y="365"/><point x="395" y="364"/><point x="396" y="364"/><point x="397" y="363"/><point x="398" y="362"/><point x="399" y="362"/><point x="399" y="361"/><point x="400" y="361"/><point x="400" y="360"/><point x="401" y="360"/><point x="401" y="359"/><point x="402" y="359"/><point x="402" y="358"/><point x="403" y="358"/><point x="404" y="357"/><point x="405" y="356"/><point x="406" y="355"/><point x="407" y="354"/><point x="408" y="353"/><point x="409" y="352"/><point x="410" y="351"/><point x="411" y="350"/><point x="412" y="349"/><point x="413" y="348"/><point x="415" y="347"/><point x="415" y="346"/><point x="416" y="346"/><point x="416" y="345"/><point x="417" y="345"/><point x="418" y="344"/><point x="418" y="343"/><point x="419" y="343"/><point x="419" y="342"/><point x="420" y="342"/><point x="420" y="341"/><point x="420" y="340"/><point x="420" y="339"/><point x="420" y="338"/><point x="420" y="337"/><point x="420" y="336"/><point x="419" y="335"/><point x="419" y="334"/><point x="419" y="333"/><point x="419" y="332"/><point x="418" y="331"/><point x="418" y="330"/><point x="418" y="329"/><point x="418" y="328"/><point x="417" y="327"/><point x="416" y="326"/><point x="416" y="325"/><point x="415" y="323"/><point x="415" y="321"/><point x="414" y="320"/><point x="413" y="318"/><point x="412" y="317"/><point x="411" y="315"/><point x="410" y="314"/><point x="410" y="313"/><point x="409" y="312"/><point x="408" y="310"/><point x="407" y="309"/><point x="407" y="308"/><point x="406" y="307"/><point x="405" y="305"/><point x="404" y="304"/><point x="404" y="303"/><point x="403" y="302"/><point x="403" y="301"/><point x="403" y="300"/><point x="402" y="300"/><point x="402" y="299"/><point x="401" y="298"/><point x="400" y="297"/><point x="400" y="296"/><point x="399" y="296"/><point x="399" y="295"/><point x="399" y="294"/><point x="398" y="294"/><point x="398" y="293"/><point x="397" y="293"/><point x="397" y="292"/><point x="396" y="292"/><point x="396" y="291"/><point x="395" y="291"/><point x="394" y="291"/><point x="394" y="290"/><point x="393" y="290"/><point x="392" y="290"/><point x="391" y="290"/><point x="390" y="290"/><point x="389" y="290"/><point x="388" y="290"/><point x="387" y="290"/><point x="387" y="291"/><point x="386" y="291"/><point x="385" y="292"/><point x="384" y="293"/><point x="383" y="294"/><point x="382" y="295"/><point x="381" y="296"/><point x="380" y="296"/><point x="379" y="297"/><point x="378" y="298"/><point x="378" y="299"/><point x="376" y="300"/><point x="375" y="301"/><point x="374" y="302"/><point x="372" y="304"/><point x="371" y="305"/><point x="370" y="306"/><point x="370" y="307"/><point x="369" y="308"/><point x="367" y="310"/><point x="366" y="311"/><point x="365" y="312"/><point x="365" y="313"/><point x="363" y="315"/><point x="362" y="317"/><point x="361" y="318"/><point x="360" y="319"/><point x="360" y="320"/><point x="359" y="321"/><point x="358" y="322"/><point x="358" y="323"/><point x="357" y="324"/><point x="357" y="325"/><point x="356" y="326"/><point x="356" y="327"/><point x="356" y="328"/><point x="355" y="329"/><point x="355" y="330"/><point x="354" y="331"/><point x="354" y="332"/><point x="354" y="333"/><point x="353" y="334"/><point x="353" y="335"/><point x="353" y="336"/><point x="353" y="337"/><point x="353" y="338"/><point x="353" y="339"/><point x="353" y="340"/><point x="353" y="341"/><point x="353" y="342"/><point x="353" y="343"/><point x="353" y="344"/><point x="353" y="345"/><point x="354" y="345"/><point x="354" y="346"/><point x="355" y="346"/><point x="355" y="347"/><point x="356" y="348"/><point x="357" y="348"/><point x="357" y="349"/><point x="358" y="349"/><point x="359" y="349"/><point x="359" y="350"/><point x="361" y="351"/><point x="362" y="351"/><point x="363" y="352"/><point x="365" y="353"/><point x="366" y="353"/><point x="368" y="354"/><point x="371" y="354"/><point x="372" y="355"/><point x="374" y="355"/><point x="375" y="355"/><point x="378" y="356"/><point x="380" y="357"/><point x="383" y="357"/><point x="385" y="357"/><point x="386" y="358"/><point x="390" y="358"/><point x="391" y="358"/><point x="393" y="358"/><point x="395" y="359"/><point x="397" y="359"/><point x="398" y="359"/><point x="402" y="359"/><point x="404" y="360"/><point x="405" y="360"/><point x="407" y="360"/><point x="410" y="360"/><point x="412" y="360"/><point x="413" y="360"/><point x="416" y="360"/><point x="417" y="360"/><point x="419" y="360"/><point x="420" y="361"/><point x="422" y="361"/><point x="423" y="361"/><point x="424" y="361"/><point x="425" y="361"/><point x="426" y="361"/><point x="427" y="361"/><point x="428" y="361"/><point x="428" y="360"/><point x="428" y="359"/><point x="428" y="358"/><point x="428" y="357"/><point x="428" y="356"/><point x="427" y="356"/><point x="427" y="355"/><point x="427" y="354"/><point x="427" y="353"/><point x="427" y="352"/><point x="427" y="351"/><point x="427" y="350"/><point x="428" y="350"/><point x="428" y="348"/><point x="429" y="347"/><point x="429" y="346"/><point x="431" y="344"/><point x="432" y="343"/><point x="433" y="341"/><point x="433" y="340"/><point x="434" y="339"/><point x="436" y="338"/><point x="437" y="336"/><point x="439" y="333"/><point x="440" y="332"/><point x="442" y="330"/><point x="443" y="329"/><point x="445" y="326"/><point x="447" y="324"/><point x="448" y="323"/><point x="449" y="321"/><point x="450" y="320"/><point x="451" y="319"/><point x="453" y="317"/><point x="454" y="316"/><point x="456" y="312"/><point x="458" y="311"/><point x="459" y="310"/><point x="460" y="308"/><point x="462" y="305"/><point x="463" y="304"/><point x="465" y="302"/><point x="465" y="301"/><point x="467" y="300"/><point x="467" y="299"/><point x="468" y="298"/><point x="469" y="296"/><point x="469" y="295"/><point x="470" y="294"/><point x="470" y="293"/><point x="470" y="292"/><point x="470" y="291"/><point x="471" y="290"/><point x="471" y="289"/><point x="471" y="288"/><point x="471" y="287"/><point x="471" y="286"/><point x="471" y="285"/><point x="471" y="284"/><point x="471" y="283"/><point x="471" y="282"/><point x="471" y="281"/><point x="471" y="280"/><point x="470" y="280"/><point x="470" y="279"/><point x="470" y="278"/><point x="470" y="277"/><point x="470" y="276"/><point x="470" y="275"/><point x="470" y="274"/><point x="470" y="273"/><point x="470" y="272"/><point x="470" y="271"/><point x="470" y="270"/><point x="469" y="269"/><point x="469" y="268"/><point x="469" y="267"/></frame><frame num="3"><point x="163" y="208"/><point x="163" y="209"/><point x="163" y="210"/><point x="163" y="211"/><point x="164" y="212"/><point x="164" y="213"/><point x="165" y="214"/><point x="165" y="215"/><point x="166" y="215"/><point x="166" y="216"/><point x="167" y="218"/><point x="167" y="219"/><point x="168" y="220"/><point x="169" y="223"/><point x="169" y="224"/><point x="170" y="225"/><point x="170" y="228"/><point x="171" y="229"/><point x="171" y="231"/><point x="172" y="234"/><point x="173" y="236"/><point x="174" y="238"/><point x="174" y="240"/><point x="175" y="241"/><point x="176" y="243"/><point x="176" y="245"/><point x="177" y="248"/><point x="178" y="249"/><point x="179" y="252"/><point x="180" y="256"/><point x="181" y="258"/><point x="181" y="260"/><point x="182" y="264"/><point x="183" y="266"/><point x="184" y="268"/><point x="185" y="270"/><point x="186" y="272"/><point x="186" y="275"/><point x="187" y="277"/><point x="188" y="279"/><point x="189" y="281"/><point x="190" y="285"/><point x="191" y="286"/><point x="192" y="288"/><point x="193" y="290"/><point x="194" y="293"/><point x="195" y="294"/><point x="195" y="296"/><point x="196" y="297"/><point x="197" y="299"/><point x="197" y="300"/><point x="198" y="303"/><point x="199" y="304"/><point x="200" y="306"/><point x="200" y="307"/><point x="200" y="308"/><point x="201" y="310"/><point x="202" y="311"/><point x="202" y="312"/><point x="202" y="313"/><point x="202" y="314"/><point x="203" y="315"/><point x="203" y="316"/><point x="204" y="316"/><point x="204" y="317"/><point x="204" y="318"/><point x="204" y="319"/><point x="205" y="319"/><point x="205" y="320"/><point x="205" y="321"/><point x="206" y="321"/><point x="206" y="322"/><point x="207" y="322"/><point x="207" y="323"/><point x="208" y="323"/><point x="208" y="324"/><point x="208" y="325"/><point x="208" y="324"/><point x="208" y="323"/><point x="208" y="322"/><point x="208" y="321"/><point x="208" y="320"/><point x="208" y="319"/><point x="209" y="319"/><point x="209" y="318"/><point x="209" y="316"/><point x="209" y="315"/><point x="209" y="313"/><point x="210" y="312"/><point x="210" y="311"/><point x="210" y="309"/><point x="210" y="308"/><point x="211" y="307"/><point x="211" y="306"/><point x="211" y="304"/><point x="211" y="303"/><point x="211" y="302"/><point x="212" y="300"/><point x="212" y="299"/><point x="212" y="298"/><point x="212" y="297"/><point x="213" y="296"/><point x="213" y="294"/><point x="213" y="293"/><point x="213" y="291"/><point x="214" y="290"/><point x="214" y="289"/><point x="214" y="288"/><point x="214" y="287"/><point x="215" y="285"/><point x="215" y="284"/><point x="215" y="283"/><point x="215" y="281"/><point x="215" y="280"/><point x="216" y="279"/><point x="216" y="278"/><point x="216" y="277"/><point x="217" y="275"/><point x="217" y="273"/><point x="217" y="272"/><point x="217" y="271"/><point x="217" y="270"/><point x="217" y="269"/><point x="218" y="267"/><point x="218" y="266"/><point x="218" y="265"/><point x="218" y="264"/><point x="218" y="262"/><point x="218" y="261"/><point x="219" y="260"/><point x="219" y="258"/><point x="219" y="257"/><point x="219" y="256"/><point x="219" y="255"/><point x="219" y="254"/><point x="220" y="253"/><point x="220" y="251"/><point x="220" y="249"/><point x="220" y="248"/><point x="220" y="247"/><point x="220" y="246"/><point x="221" y="244"/><point x="221" y="242"/><point x="221" y="241"/><point x="222" y="240"/><point x="222" y="239"/><point x="222" y="238"/><point x="222" y="237"/><point x="222" y="235"/><point x="223" y="234"/><point x="223" y="233"/><point x="223" y="232"/><point x="223" y="231"/><point x="223" y="230"/><point x="224" y="230"/><point x="224" y="229"/><point x="224" y="228"/><point x="224" y="227"/><point x="224" y="226"/><point x="224" y="225"/><point x="225" y="224"/><point x="225" y="222"/><point x="225" y="221"/><point x="226" y="221"/><point x="226" y="220"/><point x="226" y="218"/><point x="226" y="217"/><point x="227" y="215"/><point x="227" y="214"/><point x="227" y="213"/><point x="228" y="212"/><point x="228" y="211"/><point x="228" y="210"/><point x="228" y="209"/><point x="228" y="208"/><point x="229" y="208"/><point x="229" y="207"/><point x="229" y="206"/><point x="229" y="205"/><point x="229" y="204"/><point x="229" y="203"/><point x="123" y="335"/><point x="124" y="335"/><point x="125" y="335"/><point x="126" y="335"/><point x="127" y="335"/><point x="130" y="335"/><point x="132" y="335"/><point x="134" y="335"/><point x="136" y="334"/><point x="141" y="333"/><point x="144" y="333"/><point x="147" y="332"/><point x="150" y="331"/><point x="157" y="329"/><point x="161" y="328"/><point x="165" y="327"/><point x="172" y="325"/><point x="177" y="324"/><point x="181" y="323"/><point x="190" y="321"/><point x="194" y="320"/><point x="199" y="320"/><point x="203" y="319"/><point x="211" y="317"/><point x="216" y="316"/><point x="220" y="316"/><point x="228" y="314"/><point x="232" y="314"/><point x="236" y="313"/><point x="243" y="312"/><point x="247" y="312"/><point x="250" y="311"/><point x="253" y="311"/><point x="260" y="310"/><point x="263" y="309"/><point x="266" y="309"/><point x="271" y="309"/><point x="274" y="308"/><point x="276" y="308"/><point x="278" y="307"/><point x="280" y="307"/><point x="282" y="307"/><point x="284" y="307"/><point x="288" y="306"/><point x="289" y="306"/><point x="290" y="306"/><point x="292" y="306"/><point x="294" y="306"/><point x="294" y="305"/><point x="295" y="305"/><point x="296" y="305"/><point x="191" y="330"/><point x="191" y="331"/><point x="192" y="331"/><point x="192" y="332"/><point x="192" y="333"/><point x="193" y="333"/><point x="193" y="334"/><point x="193" y="335"/><point x="194" y="335"/><point x="194" y="336"/><point x="195" y="337"/><point x="195" y="338"/><point x="195" y="339"/><point x="196" y="339"/><point x="196" y="341"/><point x="197" y="342"/><point x="197" y="343"/><point x="198" y="345"/><point x="198" y="346"/><point x="199" y="347"/><point x="199" y="350"/><point x="200" y="351"/><point x="200" y="352"/><point x="201" y="355"/><point x="201" y="356"/><point x="202" y="357"/><point x="202" y="359"/><point x="203" y="362"/><point x="204" y="363"/><point x="204" y="364"/><point x="204" y="366"/><point x="205" y="369"/><point x="206" y="372"/><point x="206" y="373"/><point x="207" y="375"/><point x="207" y="376"/><point x="208" y="379"/><point x="208" y="381"/><point x="208" y="382"/><point x="209" y="385"/><point x="209" y="386"/><point x="209" y="387"/><point x="210" y="389"/><point x="210" y="391"/><point x="210" y="392"/><point x="210" y="393"/><point x="210" y="394"/><point x="211" y="396"/><point x="211" y="397"/><point x="211" y="398"/><point x="211" y="399"/><point x="211" y="400"/><point x="211" y="401"/><point x="211" y="402"/><point x="211" y="403"/><point x="202" y="404"/><point x="201" y="404"/><point x="200" y="404"/><point x="199" y="404"/><point x="198" y="404"/><point x="197" y="404"/><point x="196" y="404"/><point x="195" y="404"/><point x="194" y="404"/><point x="193" y="404"/><point x="192" y="404"/><point x="191" y="404"/><point x="190" y="404"/><point x="189" y="404"/><point x="189" y="403"/><point x="188" y="403"/><point x="188" y="402"/><point x="187" y="402"/><point x="187" y="401"/><point x="187" y="400"/><point x="186" y="399"/><point x="186" y="398"/><point x="186" y="397"/><point x="186" y="396"/><point x="186" y="395"/><point x="185" y="394"/><point x="185" y="393"/><point x="185" y="392"/><point x="185" y="391"/><point x="185" y="390"/><point x="185" y="389"/><point x="185" y="388"/><point x="185" y="386"/><point x="185" y="385"/><point x="185" y="383"/><point x="185" y="381"/><point x="185" y="380"/><point x="185" y="379"/><point x="185" y="378"/><point x="185" y="375"/><point x="185" y="374"/><point x="185" y="373"/><point x="185" y="371"/><point x="186" y="370"/><point x="186" y="368"/><point x="186" y="367"/><point x="187" y="365"/><point x="188" y="363"/><point x="188" y="362"/><point x="190" y="359"/><point x="191" y="358"/><point x="191" y="357"/><point x="192" y="356"/><point x="193" y="354"/><point x="196" y="352"/><point x="197" y="350"/><point x="199" y="349"/><point x="200" y="347"/><point x="202" y="346"/><point x="203" y="345"/><point x="207" y="342"/><point x="209" y="341"/><point x="211" y="339"/><point x="213" y="338"/><point x="218" y="336"/><point x="220" y="335"/><point x="223" y="334"/><point x="227" y="332"/><point x="230" y="332"/><point x="233" y="331"/><point x="238" y="330"/><point x="241" y="329"/><point x="243" y="329"/><point x="245" y="329"/><point x="251" y="328"/><point x="253" y="328"/><point x="256" y="327"/><point x="258" y="327"/><point x="263" y="327"/><point x="265" y="327"/><point x="268" y="327"/><point x="270" y="327"/><point x="272" y="327"/><point x="275" y="327"/><point x="277" y="327"/><point x="281" y="327"/><point x="283" y="327"/><point x="285" y="327"/><point x="287" y="327"/><point x="289" y="327"/><point x="291" y="327"/><point x="292" y="328"/><point x="294" y="328"/><point x="296" y="328"/><point x="297" y="329"/><point x="300" y="330"/><point x="301" y="331"/><point x="302" y="331"/><point x="303" y="332"/><point x="305" y="334"/><point x="307" y="335"/><point x="308" y="337"/><point x="309" y="337"/><point x="310" y="339"/><point x="312" y="341"/><point x="313" y="342"/><point x="314" y="344"/><point x="315" y="345"/><point x="316" y="346"/><point x="317" y="348"/><point x="318" y="349"/><point x="319" y="350"/><point x="319" y="351"/><point x="320" y="353"/><point x="321" y="354"/><point x="321" y="355"/><point x="322" y="356"/><point x="323" y="358"/><point x="323" y="360"/><point x="324" y="360"/><point x="325" y="363"/><point x="325" y="364"/><point x="326" y="365"/><point x="326" y="366"/><point x="326" y="368"/><point x="327" y="370"/><point x="327" y="372"/><point x="327" y="373"/><point x="328" y="375"/><point x="328" y="376"/><point x="328" y="378"/><point x="329" y="380"/><point x="329" y="383"/><point x="329" y="385"/><point x="330" y="389"/><point x="330" y="391"/><point x="330" y="395"/><point x="330" y="397"/><point x="330" y="400"/><point x="330" y="404"/><point x="329" y="406"/><point x="329" y="408"/><point x="327" y="413"/><point x="327" y="415"/><point x="325" y="420"/><point x="324" y="422"/><point x="323" y="424"/><point x="322" y="426"/><point x="318" y="431"/><point x="317" y="433"/><point x="315" y="435"/><point x="314" y="437"/><point x="311" y="441"/><point x="309" y="442"/><point x="307" y="444"/><point x="306" y="446"/><point x="304" y="447"/><point x="300" y="450"/><point x="298" y="451"/><point x="297" y="452"/><point x="293" y="454"/><point x="291" y="455"/><point x="289" y="456"/><point x="288" y="456"/><point x="286" y="457"/><point x="284" y="457"/><point x="282" y="458"/><point x="280" y="458"/><point x="277" y="459"/><point x="275" y="459"/><point x="274" y="459"/><point x="271" y="459"/><point x="268" y="459"/><point x="266" y="459"/><point x="264" y="459"/><point x="263" y="459"/><point x="262" y="459"/><point x="259" y="459"/><point x="256" y="459"/><point x="255" y="459"/><point x="253" y="459"/><point x="252" y="459"/><point x="250" y="459"/><point x="248" y="458"/><point x="247" y="458"/><point x="246" y="458"/><point x="245" y="457"/><point x="244" y="457"/><point x="243" y="456"/><point x="242" y="456"/><point x="241" y="455"/><point x="240" y="454"/><point x="239" y="453"/><point x="238" y="452"/><point x="237" y="452"/><point x="237" y="451"/><point x="236" y="451"/><point x="235" y="450"/><point x="234" y="449"/><point x="233" y="448"/><point x="232" y="447"/><point x="231" y="446"/><point x="230" y="446"/><point x="229" y="445"/><point x="228" y="444"/><point x="227" y="443"/><point x="226" y="443"/><point x="225" y="442"/><point x="223" y="441"/><point x="222" y="440"/><point x="221" y="440"/><point x="221" y="439"/><point x="219" y="437"/><point x="218" y="437"/><point x="217" y="436"/><point x="216" y="435"/><point x="214" y="434"/><point x="213" y="433"/><point x="212" y="432"/><point x="212" y="431"/><point x="210" y="429"/><point x="208" y="428"/><point x="208" y="427"/><point x="207" y="426"/><point x="207" y="425"/><point x="206" y="424"/><point x="205" y="424"/><point x="205" y="423"/><point x="205" y="422"/><point x="205" y="421"/><point x="204" y="421"/><point x="204" y="420"/><point x="204" y="419"/><point x="204" y="418"/></frame></movie>
