<?xml version="1.0"?>
<movie><frame num="0"><point x="674" y="192"/></frame><frame num="1"><point x="320" y="253"/><point x="320" y="254"/><point x="319" y="255"/><point x="318" y="256"/><point x="317" y="257"/><point x="316" y="258"/><point x="315" y="259"/><point x="314" y="260"/><point x="313" y="261"/><point x="312" y="262"/><point x="311" y="263"/><point x="310" y="264"/><point x="309" y="265"/><point x="308" y="266"/><point x="307" y="267"/><point x="306" y="268"/><point x="305" y="269"/><point x="305" y="270"/><point x="304" y="271"/><point x="303" y="272"/><point x="302" y="273"/><point x="301" y="274"/><point x="300" y="275"/><point x="299" y="276"/><point x="298" y="277"/><point x="297" y="278"/><point x="296" y="279"/><point x="295" y="280"/><point x="294" y="281"/><point x="293" y="282"/><point x="292" y="283"/><point x="291" y="284"/><point x="290" y="285"/></frame><frame num="2"><point x="284" y="279"/><point x="285" y="279"/><point x="286" y="278"/><point x="287" y="277"/><point x="288" y="276"/><point x="289" y="275"/><point x="290" y="274"/><point x="291" y="273"/><point x="292" y="272"/><point x="293" y="271"/><point x="294" y="270"/><point x="295" y="269"/><point x="296" y="268"/><point x="297" y="267"/><point x="298" y="266"/><point x="299" y="265"/><point x="300" y="264"/><point x="301" y="263"/><point x="302" y="262"/><point x="303" y="261"/><point x="304" y="260"/><point x="305" y="259"/><point x="306" y="258"/><point x="307" y="257"/><point x="308" y="256"/><point x="309" y="255"/><point x="310" y="254"/><point x="311" y="253"/><point x="312" y="252"/><point x="313" y="251"/><point x="314" y="250"/><point x="315" y="249"/><point x="316" y="248"/><point x="317" y="247"/><point x="318" y="246"/></frame><frame num="3"><point x="315" y="236"/><point x="314" y="237"/><point x="313" y="238"/><point x="312" y="239"/><point x="311" y="240"/><point x="310" y="241"/><point x="309" y="242"/><point x="308" y="243"/><point x="307" y="244"/><point x="306" y="245"/><point x="305" y="246"/><point x="304" y="247"/><point x="303" y="248"/><point x="302" y="249"/><point x="301" y="250"/><point x="300" y="251"/><point x="299" y="252"/><point x="298" y="253"/><point x="297" y="254"/><point x="296" y="255"/><point x="295" y="256"/><point x="294" y="257"/><point x="293" y="258"/><point x="292" y="259"/><point x="291" y="260"/><point x="290" y="261"/><point x="289" y="262"/><point x="288" y="263"/><point x="287" y="264"/><point x="286" y="265"/><point x="285" y="266"/><point x="284" y="267"/><point x="283" y="268"/><point x="282" y="269"/><point x="281" y="270"/><point x="280" y="271"/><point x="279" y="272"/></frame><frame num="4"><point x="309" y="229"/><point x="309" y="230"/><point x="308" y="231"/><point x="307" y="232"/><point x="306" y="233"/><point x="305" y="234"/><point x="304" y="235"/><point x="303" y="236"/><point x="302" y="237"/><point x="301" y="238"/><point x="300" y="239"/><point x="299" y="240"/><point x="298" y="241"/><point x="298" y="242"/><point x="297" y="243"/><point x="296" y="244"/><point x="295" y="245"/><point x="294" y="246"/><point x="293" y="247"/><point x="292" y="248"/><point x="291" y="249"/><point x="290" y="250"/><point x="289" y="251"/><point x="288" y="252"/><point x="287" y="253"/><point x="287" y="254"/><point x="286" y="255"/><point x="285" y="256"/><point x="284" y="257"/><point x="283" y="258"/><point x="282" y="259"/><point x="281" y="260"/><point x="280" y="261"/><point x="279" y="262"/><point x="278" y="263"/><point x="277" y="264"/><point x="276" y="265"/><point x="275" y="266"/></frame><frame num="5"><point x="267" y="258"/><point x="268" y="258"/><point x="269" y="257"/><point x="270" y="256"/><point x="271" y="255"/><point x="272" y="254"/><point x="273" y="253"/><point x="274" y="252"/><point x="275" y="251"/><point x="276" y="250"/><point x="277" y="249"/><point x="278" y="248"/><point x="279" y="247"/><point x="280" y="246"/><point x="281" y="245"/><point x="282" y="244"/><point x="283" y="243"/><point x="284" y="242"/><point x="285" y="241"/><point x="286" y="240"/><point x="287" y="240"/><point x="288" y="239"/><point x="289" y="238"/><point x="290" y="237"/><point x="291" y="236"/><point x="292" y="235"/><point x="293" y="234"/><point x="294" y="233"/><point x="295" y="232"/><point x="296" y="231"/><point x="297" y="230"/><point x="298" y="229"/><point x="299" y="228"/><point x="300" y="227"/><point x="301" y="226"/><point x="302" y="225"/><point x="303" y="224"/><point x="304" y="223"/><point x="305" y="222"/></frame><frame num="6"><point x="300" y="215"/><point x="299" y="216"/><point x="298" y="217"/><point x="297" y="218"/><point x="296" y="219"/><point x="295" y="220"/><point x="294" y="221"/><point x="293" y="222"/><point x="292" y="223"/><point x="291" y="224"/><point x="290" y="225"/><point x="289" y="226"/><point x="288" y="227"/><point x="287" y="228"/><point x="286" y="229"/><point x="285" y="230"/><point x="284" y="231"/><point x="283" y="232"/><point x="282" y="233"/><point x="281" y="234"/><point x="280" y="235"/><point x="279" y="236"/><point x="278" y="237"/><point x="277" y="238"/><point x="276" y="239"/><point x="275" y="240"/><point x="274" y="241"/><point x="273" y="242"/><point x="272" y="243"/><point x="271" y="244"/><point x="270" y="245"/><point x="269" y="246"/><point x="268" y="247"/><point x="267" y="248"/><point x="266" y="249"/><point x="265" y="250"/></frame><frame num="7"><point x="296" y="212"/><point x="295" y="213"/><point x="294" y="214"/><point x="293" y="215"/><point x="292" y="216"/><point x="291" y="217"/><point x="290" y="218"/><point x="289" y="219"/><point x="288" y="220"/><point x="287" y="221"/><point x="286" y="222"/><point x="285" y="223"/><point x="284" y="224"/><point x="283" y="225"/><point x="282" y="226"/><point x="281" y="227"/><point x="280" y="228"/><point x="279" y="229"/><point x="278" y="230"/><point x="277" y="231"/><point x="276" y="232"/><point x="275" y="233"/><point x="274" y="234"/><point x="273" y="235"/><point x="272" y="236"/><point x="271" y="237"/><point x="270" y="238"/><point x="269" y="239"/><point x="268" y="240"/><point x="267" y="241"/><point x="266" y="242"/><point x="265" y="243"/><point x="264" y="244"/><point x="263" y="245"/><point x="262" y="246"/><point x="261" y="247"/><point x="260" y="248"/></frame><frame num="8"><point x="294" y="206"/><point x="293" y="207"/><point x="292" y="208"/><point x="291" y="209"/><point x="290" y="210"/><point x="289" y="211"/><point x="288" y="212"/><point x="287" y="213"/><point x="286" y="214"/><point x="285" y="215"/><point x="284" y="216"/><point x="283" y="217"/><point x="282" y="218"/><point x="281" y="219"/><point x="280" y="220"/><point x="279" y="221"/><point x="278" y="222"/><point x="277" y="223"/><point x="276" y="224"/><point x="275" y="225"/><point x="274" y="226"/><point x="273" y="227"/><point x="272" y="228"/><point x="271" y="229"/><point x="270" y="230"/><point x="269" y="231"/><point x="268" y="232"/><point x="267" y="233"/><point x="266" y="234"/><point x="265" y="235"/><point x="264" y="236"/><point x="263" y="237"/><point x="262" y="238"/><point x="261" y="239"/><point x="260" y="240"/><point x="259" y="241"/><point x="258" y="242"/></frame><frame num="9"><point x="258" y="237"/><point x="259" y="237"/><point x="260" y="236"/><point x="261" y="235"/><point x="262" y="234"/><point x="263" y="233"/><point x="264" y="232"/><point x="265" y="231"/><point x="266" y="230"/><point x="267" y="229"/><point x="268" y="228"/><point x="269" y="227"/><point x="270" y="226"/><point x="271" y="226"/><point x="272" y="225"/><point x="273" y="224"/><point x="274" y="223"/><point x="275" y="222"/><point x="276" y="221"/><point x="277" y="220"/><point x="278" y="219"/><point x="279" y="218"/><point x="280" y="217"/><point x="281" y="216"/><point x="282" y="215"/><point x="283" y="215"/><point x="284" y="214"/><point x="285" y="213"/><point x="286" y="212"/><point x="287" y="211"/><point x="288" y="210"/><point x="289" y="209"/><point x="290" y="208"/><point x="291" y="207"/><point x="292" y="206"/><point x="293" y="205"/><point x="294" y="204"/></frame><frame num="10"><point x="256" y="231"/><point x="257" y="231"/><point x="258" y="230"/><point x="259" y="229"/><point x="260" y="228"/><point x="261" y="227"/><point x="262" y="226"/><point x="263" y="226"/><point x="264" y="225"/><point x="265" y="224"/><point x="266" y="223"/><point x="267" y="222"/><point x="268" y="221"/><point x="269" y="221"/><point x="270" y="220"/><point x="271" y="219"/><point x="272" y="218"/><point x="273" y="217"/><point x="274" y="216"/><point x="275" y="216"/><point x="276" y="215"/><point x="277" y="214"/><point x="278" y="213"/><point x="279" y="212"/><point x="280" y="211"/><point x="281" y="211"/><point x="282" y="210"/><point x="283" y="209"/><point x="284" y="208"/><point x="285" y="207"/><point x="286" y="206"/><point x="287" y="206"/><point x="288" y="205"/><point x="289" y="204"/><point x="290" y="203"/><point x="291" y="202"/><point x="292" y="201"/></frame><frame num="11"><point x="259" y="228"/><point x="260" y="228"/><point x="261" y="227"/><point x="262" y="226"/><point x="263" y="225"/><point x="264" y="224"/><point x="265" y="224"/><point x="266" y="223"/><point x="267" y="222"/><point x="268" y="221"/><point x="269" y="220"/><point x="270" y="219"/><point x="271" y="219"/><point x="272" y="218"/><point x="273" y="217"/><point x="274" y="216"/><point x="275" y="215"/><point x="276" y="214"/><point x="277" y="214"/><point x="278" y="213"/><point x="279" y="212"/><point x="280" y="211"/><point x="281" y="210"/><point x="282" y="210"/><point x="283" y="209"/><point x="284" y="208"/><point x="285" y="207"/><point x="286" y="206"/><point x="287" y="205"/><point x="288" y="205"/><point x="289" y="204"/><point x="290" y="203"/><point x="291" y="202"/><point x="292" y="201"/><point x="293" y="200"/></frame><frame num="12"><point x="259" y="226"/><point x="260" y="226"/><point x="261" y="225"/><point x="262" y="224"/><point x="263" y="224"/><point x="264" y="223"/><point x="265" y="222"/><point x="266" y="221"/><point x="267" y="221"/><point x="268" y="220"/><point x="269" y="219"/><point x="270" y="218"/><point x="271" y="218"/><point x="272" y="217"/><point x="273" y="216"/><point x="274" y="215"/><point x="275" y="215"/><point x="276" y="214"/><point x="277" y="213"/><point x="278" y="212"/><point x="279" y="212"/><point x="280" y="211"/><point x="281" y="210"/><point x="282" y="209"/><point x="283" y="209"/><point x="284" y="208"/><point x="285" y="207"/><point x="286" y="206"/><point x="287" y="206"/><point x="288" y="205"/><point x="289" y="204"/><point x="290" y="203"/><point x="291" y="203"/><point x="292" y="202"/><point x="293" y="201"/><point x="294" y="200"/></frame><frame num="13"><point x="258" y="224"/><point x="259" y="224"/><point x="260" y="223"/><point x="261" y="222"/><point x="262" y="222"/><point x="263" y="221"/><point x="264" y="220"/><point x="265" y="220"/><point x="266" y="219"/><point x="267" y="218"/><point x="268" y="218"/><point x="269" y="217"/><point x="270" y="216"/><point x="271" y="216"/><point x="272" y="215"/><point x="273" y="214"/><point x="274" y="214"/><point x="275" y="213"/><point x="276" y="212"/><point x="277" y="212"/><point x="278" y="211"/><point x="279" y="210"/><point x="280" y="210"/><point x="281" y="209"/><point x="282" y="208"/><point x="283" y="208"/><point x="284" y="207"/><point x="285" y="206"/><point x="286" y="206"/><point x="287" y="205"/><point x="288" y="204"/><point x="289" y="204"/><point x="290" y="203"/><point x="291" y="202"/><point x="292" y="202"/><point x="293" y="201"/><point x="294" y="200"/><point x="295" y="200"/><point x="296" y="199"/><point x="297" y="198"/><point x="298" y="197"/></frame><frame num="14"><point x="259" y="218"/><point x="260" y="218"/><point x="261" y="217"/><point x="262" y="217"/><point x="263" y="216"/><point x="264" y="216"/><point x="265" y="215"/><point x="266" y="215"/><point x="267" y="214"/><point x="268" y="214"/><point x="269" y="213"/><point x="270" y="213"/><point x="271" y="212"/><point x="272" y="212"/><point x="273" y="211"/><point x="274" y="210"/><point x="275" y="210"/><point x="276" y="209"/><point x="277" y="209"/><point x="278" y="208"/><point x="279" y="208"/><point x="280" y="207"/><point x="281" y="207"/><point x="282" y="206"/><point x="283" y="206"/><point x="284" y="205"/><point x="285" y="205"/><point x="286" y="204"/><point x="287" y="203"/><point x="288" y="203"/><point x="289" y="202"/><point x="290" y="202"/><point x="291" y="201"/><point x="292" y="201"/><point x="293" y="200"/><point x="294" y="200"/><point x="295" y="199"/><point x="296" y="199"/><point x="297" y="198"/><point x="298" y="198"/><point x="299" y="197"/><point x="300" y="196"/></frame><frame num="15"><point x="261" y="214"/><point x="262" y="214"/><point x="263" y="214"/><point x="264" y="213"/><point x="265" y="213"/><point x="266" y="212"/><point x="267" y="212"/><point x="268" y="211"/><point x="269" y="211"/><point x="270" y="210"/><point x="271" y="210"/><point x="272" y="210"/><point x="273" y="209"/><point x="274" y="209"/><point x="275" y="208"/><point x="276" y="208"/><point x="277" y="207"/><point x="278" y="207"/><point x="279" y="206"/><point x="280" y="206"/><point x="281" y="205"/><point x="282" y="205"/><point x="283" y="205"/><point x="284" y="204"/><point x="285" y="204"/><point x="286" y="203"/><point x="287" y="203"/><point x="288" y="202"/><point x="289" y="202"/><point x="290" y="201"/><point x="291" y="201"/><point x="292" y="200"/><point x="293" y="200"/><point x="294" y="200"/><point x="295" y="199"/><point x="296" y="199"/><point x="297" y="198"/><point x="298" y="198"/><point x="299" y="197"/><point x="300" y="197"/><point x="301" y="196"/><point x="302" y="196"/><point x="303" y="195"/></frame><frame num="16"><point x="260" y="212"/><point x="261" y="212"/><point x="262" y="212"/><point x="263" y="211"/><point x="264" y="211"/><point x="265" y="210"/><point x="266" y="210"/><point x="267" y="209"/><point x="268" y="209"/><point x="269" y="209"/><point x="270" y="208"/><point x="271" y="208"/><point x="272" y="207"/><point x="273" y="207"/><point x="274" y="206"/><point x="275" y="206"/><point x="276" y="206"/><point x="277" y="205"/><point x="278" y="205"/><point x="279" y="204"/><point x="280" y="204"/><point x="281" y="203"/><point x="282" y="203"/><point x="283" y="202"/><point x="284" y="202"/><point x="285" y="202"/><point x="286" y="201"/><point x="287" y="201"/><point x="288" y="200"/><point x="289" y="200"/><point x="290" y="199"/><point x="291" y="199"/><point x="292" y="199"/><point x="293" y="198"/><point x="294" y="198"/><point x="295" y="197"/><point x="296" y="197"/><point x="297" y="196"/><point x="298" y="196"/><point x="299" y="196"/><point x="300" y="195"/><point x="301" y="195"/><point x="302" y="194"/><point x="303" y="194"/><point x="304" y="193"/><point x="305" y="193"/><point x="306" y="192"/></frame><frame num="17"><point x="260" y="206"/><point x="261" y="206"/><point x="262" y="206"/><point x="263" y="206"/><point x="264" y="205"/><point x="265" y="205"/><point x="266" y="205"/><point x="267" y="204"/><point x="268" y="204"/><point x="269" y="204"/><point x="270" y="203"/><point x="271" y="203"/><point x="272" y="203"/><point x="273" y="203"/><point x="274" y="202"/><point x="275" y="202"/><point x="276" y="202"/><point x="277" y="201"/><point x="278" y="201"/><point x="279" y="201"/><point x="280" y="200"/><point x="281" y="200"/><point x="282" y="200"/><point x="283" y="199"/><point x="284" y="199"/><point x="285" y="199"/><point x="286" y="199"/><point x="287" y="198"/><point x="288" y="198"/><point x="289" y="198"/><point x="290" y="197"/><point x="291" y="197"/><point x="292" y="197"/><point x="293" y="196"/><point x="294" y="196"/><point x="295" y="196"/><point x="296" y="196"/><point x="297" y="195"/><point x="298" y="195"/><point x="299" y="195"/><point x="300" y="194"/><point x="301" y="194"/><point x="302" y="194"/><point x="303" y="193"/><point x="304" y="193"/><point x="305" y="193"/><point x="306" y="192"/></frame><frame num="18"><point x="263" y="202"/><point x="264" y="202"/><point x="265" y="202"/><point x="266" y="202"/><point x="267" y="201"/><point x="268" y="201"/><point x="269" y="201"/><point x="270" y="200"/><point x="271" y="200"/><point x="272" y="200"/><point x="273" y="199"/><point x="274" y="199"/><point x="275" y="199"/><point x="276" y="198"/><point x="277" y="198"/><point x="278" y="198"/><point x="279" y="198"/><point x="280" y="197"/><point x="281" y="197"/><point x="282" y="197"/><point x="283" y="196"/><point x="284" y="196"/><point x="285" y="196"/><point x="286" y="195"/><point x="287" y="195"/><point x="288" y="195"/><point x="289" y="194"/><point x="290" y="194"/><point x="291" y="194"/><point x="292" y="193"/><point x="293" y="193"/><point x="294" y="193"/><point x="295" y="193"/><point x="296" y="192"/><point x="297" y="192"/><point x="298" y="192"/><point x="299" y="191"/><point x="300" y="191"/><point x="301" y="191"/><point x="302" y="190"/><point x="303" y="190"/><point x="304" y="190"/><point x="305" y="189"/><point x="306" y="189"/><point x="307" y="189"/><point x="308" y="188"/></frame><frame num="19"><point x="261" y="199"/><point x="262" y="199"/><point x="263" y="199"/><point x="264" y="199"/><point x="265" y="198"/><point x="266" y="198"/><point x="267" y="198"/><point x="268" y="198"/><point x="269" y="197"/><point x="270" y="197"/><point x="271" y="197"/><point x="272" y="196"/><point x="273" y="196"/><point x="274" y="196"/><point x="275" y="196"/><point x="276" y="195"/><point x="277" y="195"/><point x="278" y="195"/><point x="279" y="195"/><point x="280" y="194"/><point x="281" y="194"/><point x="282" y="194"/><point x="283" y="193"/><point x="284" y="193"/><point x="285" y="193"/><point x="286" y="193"/><point x="287" y="192"/><point x="288" y="192"/><point x="289" y="192"/><point x="290" y="192"/><point x="291" y="191"/><point x="292" y="191"/><point x="293" y="191"/><point x="294" y="190"/><point x="295" y="190"/><point x="296" y="190"/><point x="297" y="190"/><point x="298" y="189"/><point x="299" y="189"/><point x="300" y="189"/><point x="301" y="189"/><point x="302" y="188"/><point x="303" y="188"/><point x="304" y="188"/><point x="305" y="187"/></frame><frame num="20"><point x="260" y="196"/><point x="261" y="196"/><point x="262" y="196"/><point x="263" y="196"/><point x="264" y="196"/><point x="265" y="195"/><point x="266" y="195"/><point x="267" y="195"/><point x="268" y="195"/><point x="269" y="194"/><point x="270" y="194"/><point x="271" y="194"/><point x="272" y="194"/><point x="273" y="193"/><point x="274" y="193"/><point x="275" y="193"/><point x="276" y="193"/><point x="277" y="193"/><point x="278" y="192"/><point x="279" y="192"/><point x="280" y="192"/><point x="281" y="192"/><point x="282" y="191"/><point x="283" y="191"/><point x="284" y="191"/><point x="285" y="191"/><point x="286" y="190"/><point x="287" y="190"/><point x="288" y="190"/><point x="289" y="190"/><point x="290" y="189"/><point x="291" y="189"/><point x="292" y="189"/><point x="293" y="189"/><point x="294" y="189"/><point x="295" y="188"/><point x="296" y="188"/><point x="297" y="188"/><point x="298" y="188"/><point x="299" y="187"/><point x="300" y="187"/><point x="301" y="187"/><point x="302" y="187"/><point x="303" y="186"/><point x="304" y="186"/><point x="305" y="186"/><point x="306" y="186"/><point x="307" y="185"/></frame><frame num="21"><point x="259" y="196"/><point x="260" y="196"/><point x="261" y="196"/><point x="262" y="196"/><point x="263" y="195"/><point x="264" y="195"/><point x="265" y="195"/><point x="266" y="195"/><point x="267" y="194"/><point x="268" y="194"/><point x="269" y="194"/><point x="270" y="194"/><point x="271" y="193"/><point x="272" y="193"/><point x="273" y="193"/><point x="274" y="193"/><point x="275" y="192"/><point x="276" y="192"/><point x="277" y="192"/><point x="278" y="192"/><point x="279" y="191"/><point x="280" y="191"/><point x="281" y="191"/><point x="282" y="191"/><point x="283" y="190"/><point x="284" y="190"/><point x="285" y="190"/><point x="286" y="190"/><point x="287" y="189"/><point x="288" y="189"/><point x="289" y="189"/><point x="290" y="189"/><point x="291" y="188"/><point x="292" y="188"/><point x="293" y="188"/><point x="294" y="188"/><point x="295" y="187"/><point x="296" y="187"/><point x="297" y="187"/><point x="298" y="187"/><point x="299" y="186"/><point x="300" y="186"/><point x="301" y="186"/><point x="302" y="186"/><point x="303" y="185"/><point x="304" y="185"/><point x="305" y="185"/><point x="306" y="184"/></frame><frame num="22"><point x="259" y="195"/><point x="260" y="195"/><point x="261" y="195"/><point x="262" y="195"/><point x="263" y="195"/><point x="264" y="194"/><point x="265" y="194"/><point x="266" y="194"/><point x="267" y="194"/><point x="268" y="193"/><point x="269" y="193"/><point x="270" y="193"/><point x="271" y="193"/><point x="272" y="192"/><point x="273" y="192"/><point x="274" y="192"/><point x="275" y="192"/><point x="276" y="191"/><point x="277" y="191"/><point x="278" y="191"/><point x="279" y="191"/><point x="280" y="190"/><point x="281" y="190"/><point x="282" y="190"/><point x="283" y="190"/><point x="284" y="189"/><point x="285" y="189"/><point x="286" y="189"/><point x="287" y="189"/><point x="288" y="188"/><point x="289" y="188"/><point x="290" y="188"/><point x="291" y="188"/><point x="292" y="187"/><point x="293" y="187"/><point x="294" y="187"/><point x="295" y="187"/><point x="296" y="186"/><point x="297" y="186"/><point x="298" y="186"/><point x="299" y="186"/><point x="300" y="185"/><point x="301" y="185"/><point x="302" y="185"/><point x="303" y="185"/><point x="304" y="184"/></frame><frame num="23"><point x="259" y="197"/><point x="260" y="197"/><point x="261" y="197"/><point x="262" y="197"/><point x="263" y="196"/><point x="264" y="196"/><point x="265" y="196"/><point x="266" y="196"/><point x="267" y="195"/><point x="268" y="195"/><point x="269" y="195"/><point x="270" y="194"/><point x="271" y="194"/><point x="272" y="194"/><point x="273" y="194"/><point x="274" y="193"/><point x="275" y="193"/><point x="276" y="193"/><point x="277" y="192"/><point x="278" y="192"/><point x="279" y="192"/><point x="280" y="192"/><point x="281" y="191"/><point x="282" y="191"/><point x="283" y="191"/><point x="284" y="190"/><point x="285" y="190"/><point x="286" y="190"/><point x="287" y="190"/><point x="288" y="189"/><point x="289" y="189"/><point x="290" y="189"/><point x="291" y="188"/><point x="292" y="188"/><point x="293" y="188"/><point x="294" y="188"/><point x="295" y="187"/><point x="296" y="187"/><point x="297" y="187"/><point x="298" y="186"/><point x="299" y="186"/><point x="300" y="186"/><point x="301" y="186"/><point x="302" y="185"/><point x="303" y="185"/><point x="304" y="185"/><point x="305" y="184"/></frame><frame num="24"><point x="258" y="198"/><point x="259" y="198"/><point x="260" y="198"/><point x="261" y="198"/><point x="262" y="197"/><point x="263" y="197"/><point x="264" y="197"/><point x="265" y="196"/><point x="266" y="196"/><point x="267" y="196"/><point x="268" y="196"/><point x="269" y="195"/><point x="270" y="195"/><point x="271" y="195"/><point x="272" y="194"/><point x="273" y="194"/><point x="274" y="194"/><point x="275" y="194"/><point x="276" y="193"/><point x="277" y="193"/><point x="278" y="193"/><point x="279" y="192"/><point x="280" y="192"/><point x="281" y="192"/><point x="282" y="192"/><point x="283" y="191"/><point x="284" y="191"/><point x="285" y="191"/><point x="286" y="190"/><point x="287" y="190"/><point x="288" y="190"/><point x="289" y="190"/><point x="290" y="189"/><point x="291" y="189"/><point x="292" y="189"/><point x="293" y="188"/><point x="294" y="188"/><point x="295" y="188"/><point x="296" y="188"/><point x="297" y="187"/><point x="298" y="187"/><point x="299" y="187"/><point x="300" y="186"/><point x="301" y="186"/><point x="302" y="186"/><point x="303" y="185"/></frame><frame num="25"><point x="257" y="198"/><point x="258" y="198"/><point x="259" y="198"/><point x="260" y="198"/><point x="261" y="197"/><point x="262" y="197"/><point x="263" y="197"/><point x="264" y="197"/><point x="265" y="196"/><point x="266" y="196"/><point x="267" y="196"/><point x="268" y="196"/><point x="269" y="195"/><point x="270" y="195"/><point x="271" y="195"/><point x="272" y="194"/><point x="273" y="194"/><point x="274" y="194"/><point x="275" y="194"/><point x="276" y="193"/><point x="277" y="193"/><point x="278" y="193"/><point x="279" y="193"/><point x="280" y="192"/><point x="281" y="192"/><point x="282" y="192"/><point x="283" y="192"/><point x="284" y="191"/><point x="285" y="191"/><point x="286" y="191"/><point x="287" y="190"/><point x="288" y="190"/><point x="289" y="190"/><point x="290" y="190"/><point x="291" y="189"/><point x="292" y="189"/><point x="293" y="189"/><point x="294" y="189"/><point x="295" y="188"/><point x="296" y="188"/><point x="297" y="188"/><point x="298" y="188"/><point x="299" y="187"/><point x="300" y="187"/><point x="301" y="187"/><point x="302" y="186"/></frame><frame num="26"><point x="258" y="197"/><point x="259" y="197"/><point x="260" y="197"/><point x="261" y="197"/><point x="262" y="196"/><point x="263" y="196"/><point x="264" y="196"/><point x="265" y="196"/><point x="266" y="195"/><point x="267" y="195"/><point x="268" y="195"/><point x="269" y="194"/><point x="270" y="194"/><point x="271" y="194"/><point x="272" y="194"/><point x="273" y="193"/><point x="274" y="193"/><point x="275" y="193"/><point x="276" y="192"/><point x="277" y="192"/><point x="278" y="192"/><point x="279" y="192"/><point x="280" y="191"/><point x="281" y="191"/><point x="282" y="191"/><point x="283" y="191"/><point x="284" y="190"/><point x="285" y="190"/><point x="286" y="190"/><point x="287" y="189"/><point x="288" y="189"/><point x="289" y="189"/><point x="290" y="189"/><point x="291" y="188"/><point x="292" y="188"/><point x="293" y="188"/><point x="294" y="187"/><point x="295" y="187"/><point x="296" y="187"/><point x="297" y="187"/><point x="298" y="186"/><point x="299" y="186"/><point x="300" y="186"/><point x="301" y="185"/></frame><frame num="27"><point x="256" y="199"/><point x="257" y="199"/><point x="258" y="199"/><point x="259" y="199"/><point x="260" y="198"/><point x="261" y="198"/><point x="262" y="198"/><point x="263" y="197"/><point x="264" y="197"/><point x="265" y="197"/><point x="266" y="197"/><point x="267" y="196"/><point x="268" y="196"/><point x="269" y="196"/><point x="270" y="195"/><point x="271" y="195"/><point x="272" y="195"/><point x="273" y="194"/><point x="274" y="194"/><point x="275" y="194"/><point x="276" y="194"/><point x="277" y="193"/><point x="278" y="193"/><point x="279" y="193"/><point x="280" y="192"/><point x="281" y="192"/><point x="282" y="192"/><point x="283" y="192"/><point x="284" y="191"/><point x="285" y="191"/><point x="286" y="191"/><point x="287" y="190"/><point x="288" y="190"/><point x="289" y="190"/><point x="290" y="189"/><point x="291" y="189"/><point x="292" y="189"/><point x="293" y="189"/><point x="294" y="188"/><point x="295" y="188"/><point x="296" y="188"/><point x="297" y="187"/><point x="298" y="187"/><point x="299" y="187"/><point x="300" y="186"/></frame><frame num="28"><point x="256" y="199"/><point x="257" y="199"/><point x="258" y="199"/><point x="259" y="199"/><point x="260" y="198"/><point x="261" y="198"/><point x="262" y="198"/><point x="263" y="197"/><point x="264" y="197"/><point x="265" y="197"/><point x="266" y="196"/><point x="267" y="196"/><point x="268" y="196"/><point x="269" y="195"/><point x="270" y="195"/><point x="271" y="195"/><point x="272" y="194"/><point x="273" y="194"/><point x="274" y="194"/><point x="275" y="193"/><point x="276" y="193"/><point x="277" y="193"/><point x="278" y="192"/><point x="279" y="192"/><point x="280" y="192"/><point x="281" y="191"/><point x="282" y="191"/><point x="283" y="191"/><point x="284" y="190"/><point x="285" y="190"/><point x="286" y="190"/><point x="287" y="189"/><point x="288" y="189"/><point x="289" y="189"/><point x="290" y="188"/><point x="291" y="188"/><point x="292" y="188"/><point x="293" y="187"/><point x="294" y="187"/><point x="295" y="187"/><point x="296" y="186"/><point x="297" y="186"/><point x="298" y="186"/><point x="299" y="185"/></frame><frame num="29"><point x="256" y="200"/><point x="257" y="200"/><point x="258" y="200"/><point x="259" y="199"/><point x="260" y="199"/><point x="261" y="199"/><point x="262" y="198"/><point x="263" y="198"/><point x="264" y="198"/><point x="265" y="197"/><point x="266" y="197"/><point x="267" y="197"/><point x="268" y="196"/><point x="269" y="196"/><point x="270" y="196"/><point x="271" y="195"/><point x="272" y="195"/><point x="273" y="195"/><point x="274" y="194"/><point x="275" y="194"/><point x="276" y="194"/><point x="277" y="193"/><point x="278" y="193"/><point x="279" y="193"/><point x="280" y="192"/><point x="281" y="192"/><point x="282" y="192"/><point x="283" y="191"/><point x="284" y="191"/><point x="285" y="191"/><point x="286" y="190"/><point x="287" y="190"/><point x="288" y="190"/><point x="289" y="189"/><point x="290" y="189"/><point x="291" y="189"/><point x="292" y="188"/><point x="293" y="188"/><point x="294" y="188"/><point x="295" y="187"/><point x="296" y="187"/><point x="297" y="186"/></frame></movie>
